video_id,label,model,split,scene,light,weather,time_of_alert,time_of_event,theta_used,duration_s,fps,status,n_frames,t_peak,s_peak,s_at_alert,s_at_event,lead_to_alert_s,lead_to_event_s,hit_alert,hit_event,false_positive,predicted_positive,n_eval_frames,hit_early_500ms,hit_early_1000ms,hit_early_1500ms
00019,1,v0_original,exploratory,Urban,Bright,Clear,19.341,19.896,6.7908898322413265,40.06535947712418,30.6,ok,134,17.45098039215686,4.912401094115986,1.2914720679859655,2.8575279673751925,1.89001960784314,2.4450196078431397,False,False,,False,119,False,False,False
00019,1,raw_flow_no_blob,exploratory,Urban,Bright,Clear,19.341,19.896,6.825930914454727,40.06535947712418,30.6,ok,134,19.836601307189543,2.571629098475022,1.1241332523363423,2.571629098475022,-0.495601307189542,0.05939869281045773,False,False,,False,119,False,False,False
00019,1,affine_residual_no_blob,exploratory,Urban,Bright,Clear,19.341,19.896,6.895384484978015,40.06535947712418,30.6,ok,134,19.836601307189543,1.381086391106796,0.027402896798647373,1.381086391106796,-0.495601307189542,0.05939869281045773,False,False,,False,119,False,False,False
00019,1,frame_difference,exploratory,Urban,Bright,Clear,19.341,19.896,1.7825162143670823,40.06535947712418,30.6,ok,134,16.99346405228758,7.923514194794531,1.0492499248451772,1.382481653929752,2.3475359477124194,2.902535947712419,True,True,,True,119,True,True,True
00077,1,v0_original,validation,Highway,Normal,Cloudy,17.645,19.964,6.7908898322413265,40.74074074074074,29.7,ok,134,19.8989898989899,3.1819292190171065,0.33949946994585073,3.1819292190171065,-2.2539898989899,0.06501010101009896,False,False,,False,119,False,False,False
00077,1,raw_flow_no_blob,validation,Highway,Normal,Cloudy,17.645,19.964,6.825930914454727,40.74074074074074,29.7,ok,134,19.8989898989899,2.32583166083771,0.16440876678669725,2.32583166083771,-2.2539898989899,0.06501010101009896,False,False,,False,119,False,False,False
00077,1,affine_residual_no_blob,validation,Highway,Normal,Cloudy,17.645,19.964,6.895384484978015,40.74074074074074,29.7,ok,134,19.8989898989899,2.3784826336992,0.18092933337357514,2.3784826336992,-2.2539898989899,0.06501010101009896,False,False,,False,119,False,False,False
00077,1,frame_difference,validation,Highway,Normal,Cloudy,17.645,19.964,1.7825162143670823,40.74074074074074,29.7,ok,134,19.8989898989899,0.9069949752735017,0.1324645614417422,0.9069949752735017,-2.2539898989899,0.06501010101009896,False,False,,False,119,False,False,False
00078,1,v0_original,exploratory,Urban,Normal,Cloudy,18.0,18.933,6.7908898322413265,39.4,30.0,ok,134,18.866666666666667,6.0142319073585835,4.115264551303016,6.0142319073585835,-0.8666666666666671,0.06633333333333269,False,False,,False,119,False,False,False
00078,1,raw_flow_no_blob,exploratory,Urban,Normal,Cloudy,18.0,18.933,6.825930914454727,39.4,30.0,ok,134,18.866666666666667,6.000626321252553,4.0349000060412346,6.000626321252553,-0.8666666666666671,0.06633333333333269,False,False,,False,119,False,False,False
00078,1,affine_residual_no_blob,exploratory,Urban,Normal,Cloudy,18.0,18.933,6.895384484978015,39.4,30.0,ok,134,18.866666666666667,6.207003507781126,3.053321503103102,6.207003507781126,-0.8666666666666671,0.06633333333333269,False,False,,False,119,False,False,False
00078,1,frame_difference,exploratory,Urban,Normal,Cloudy,18.0,18.933,1.7825162143670823,39.4,30.0,ok,134,18.866666666666667,1.7745797061327035,0.89022053166986,1.7745797061327035,-0.8666666666666671,0.06633333333333269,False,False,,False,119,False,False,False
00081,1,v0_original,exploratory,Rural,Normal,Cloudy,18.533,18.667,6.7908898322413265,38.733333333333334,30.0,ok,134,17.966666666666665,1.1742525277391254,-0.010240227205285751,-0.4459039214030625,0.5663333333333362,0.7003333333333366,False,False,,False,119,False,False,False
00081,1,raw_flow_no_blob,exploratory,Rural,Normal,Cloudy,18.533,18.667,6.825930914454727,38.733333333333334,30.0,ok,134,18.033333333333335,1.0682995212798536,0.0831329070642676,-0.45514052149048373,0.49966666666666626,0.6336666666666666,False,False,,False,119,False,False,False
00081,1,affine_residual_no_blob,exploratory,Rural,Normal,Cloudy,18.533,18.667,6.895384484978015,38.733333333333334,30.0,ok,134,17.966666666666665,0.4295354347655753,-0.5358528634272355,-0.7814637183358397,0.5663333333333362,0.7003333333333366,False,False,,False,119,False,False,False
00081,1,frame_difference,exploratory,Rural,Normal,Cloudy,18.533,18.667,1.7825162143670823,38.733333333333334,30.0,ok,134,18.166666666666668,0.6611672641073519,0.3606903430358031,0.25380222840032957,0.3663333333333334,0.5003333333333337,False,False,,False,119,False,False,False
00093,1,v0_original,exploratory,Highway,Dark,Snow,7.533,9.933,6.7908898322413265,18.0,30.0,ok,134,9.866666666666667,2.8333037534415935,-0.8464040110361128,2.8333037534415935,-2.333666666666667,0.06633333333333269,False,False,,False,119,False,False,False
00093,1,raw_flow_no_blob,exploratory,Highway,Dark,Snow,7.533,9.933,6.825930914454727,18.0,30.0,ok,134,9.866666666666667,2.732278040607741,-1.5636878375804355,2.732278040607741,-2.333666666666667,0.06633333333333269,False,False,,False,119,False,False,False
00093,1,affine_residual_no_blob,exploratory,Highway,Dark,Snow,7.533,9.933,6.895384484978015,18.0,30.0,ok,134,9.866666666666667,2.976820037836586,-1.472434301056996,2.976820037836586,-2.333666666666667,0.06633333333333269,False,False,,False,119,False,False,False
00093,1,frame_difference,exploratory,Highway,Dark,Snow,7.533,9.933,1.7825162143670823,18.0,30.0,ok,134,8.666666666666666,2.179591723660507,0.7584626029614727,1.4264464917697386,-1.1336666666666657,1.2663333333333338,True,True,,True,119,True,True,True
00108,1,v0_original,validation,Urban,Dark,Clear,18.233,19.3,6.7908898322413265,40.266666666666666,30.0,ok,135,19.233333333333334,1.6937783691714285,-1.7500505295337403,1.6937783691714285,-1.0003333333333337,0.06666666666666643,False,False,,False,119,False,False,False
00108,1,raw_flow_no_blob,validation,Urban,Dark,Clear,18.233,19.3,6.825930914454727,40.266666666666666,30.0,ok,135,19.233333333333334,1.597056421291418,-1.7662248439215587,1.597056421291418,-1.0003333333333337,0.06666666666666643,False,False,,False,119,False,False,False
00108,1,affine_residual_no_blob,validation,Urban,Dark,Clear,18.233,19.3,6.895384484978015,40.266666666666666,30.0,ok,135,19.233333333333334,1.8182992265254583,-1.6820011436170532,1.8182992265254583,-1.0003333333333337,0.06666666666666643,False,False,,False,119,False,False,False
00108,1,frame_difference,validation,Urban,Dark,Clear,18.233,19.3,1.7825162143670823,40.266666666666666,30.0,ok,135,19.233333333333334,0.5749355477499677,-0.4850998563478536,0.5749355477499677,-1.0003333333333337,0.06666666666666643,False,False,,False,119,False,False,False
00143,1,v0_original,exploratory,Sub-urban,Normal,Cloudy,18.929,20.074,6.7908898322413265,39.77049180327869,30.5,ok,134,16.360655737704917,9.834854514156268,2.774157835375367,1.8708480895962345,2.5683442622950814,3.7133442622950845,False,True,,True,119,True,True,True
00143,1,raw_flow_no_blob,exploratory,Sub-urban,Normal,Cloudy,18.929,20.074,6.825930914454727,39.77049180327869,30.5,ok,134,16.360655737704917,9.957167374698464,2.7695025543287617,1.6474922512993366,2.5683442622950814,3.7133442622950845,False,True,,True,119,True,True,True
00143,1,affine_residual_no_blob,exploratory,Sub-urban,Normal,Cloudy,18.929,20.074,6.895384484978015,39.77049180327869,30.5,ok,134,16.360655737704917,10.554590586013925,2.044273103443169,1.053852479832524,2.5683442622950814,3.7133442622950845,True,True,,True,119,True,True,True
00143,1,frame_difference,exploratory,Sub-urban,Normal,Cloudy,18.929,20.074,1.7825162143670823,39.77049180327869,30.5,ok,134,14.950819672131148,2.6953718935004405,1.0784165799112646,1.1053288456613852,3.9781803278688503,5.1231803278688535,False,True,,True,119,True,True,True
00235,1,v0_original,validation,Other,Normal,Clear,7.228,9.177,6.7908898322413265,18.0,30.0,ok,134,7.333333333333333,0.5946134143787001,0.4083894706919845,-0.2621056943283797,-0.10533333333333328,1.8436666666666666,False,False,,False,119,False,False,False
00235,1,raw_flow_no_blob,validation,Other,Normal,Clear,7.228,9.177,6.825930914454727,18.0,30.0,ok,134,7.333333333333333,0.5489327033994746,0.48534021143527967,-0.165599670847269,-0.10533333333333328,1.8436666666666666,False,False,,False,119,False,False,False
00235,1,affine_residual_no_blob,validation,Other,Normal,Clear,7.228,9.177,6.895384484978015,18.0,30.0,ok,134,7.333333333333333,0.7408762908099651,0.6748099009299584,-0.17639647253673216,-0.10533333333333328,1.8436666666666666,False,False,,False,119,False,False,False
00235,1,frame_difference,validation,Other,Normal,Clear,7.228,9.177,1.7825162143670823,18.0,30.0,ok,134,7.533333333333333,-0.012619772823523974,-0.038077732959930416,-0.23266022496167127,-0.30533333333333346,1.6436666666666664,False,False,,False,119,False,False,False
00254,1,v0_original,exploratory,Urban,Normal,Clear,17.2,18.533,6.7908898322413265,40.2,30.0,ok,134,17.4,5.801054016559021,4.721082925151562,1.278909346692199,-0.1999999999999993,1.1330000000000027,False,False,,False,119,False,False,False
00254,1,raw_flow_no_blob,exploratory,Urban,Normal,Clear,17.2,18.533,6.825930914454727,40.2,30.0,ok,134,17.4,5.860292783015017,4.811627340797056,1.2440159809898192,-0.1999999999999993,1.1330000000000027,False,False,,False,119,False,False,False
00254,1,affine_residual_no_blob,exploratory,Urban,Normal,Clear,17.2,18.533,6.895384484978015,40.2,30.0,ok,134,17.4,6.039641676735595,4.512205328031505,1.0221154204260299,-0.1999999999999993,1.1330000000000027,False,False,,False,119,False,False,False
00254,1,frame_difference,exploratory,Urban,Normal,Clear,17.2,18.533,1.7825162143670823,40.2,30.0,ok,134,17.4,1.1890595602931753,1.0559263524059441,0.8703546530020808,-0.1999999999999993,1.1330000000000027,False,False,,False,119,False,False,False
00300,1,v0_original,exploratory,Highway,Normal,Clear,8.464,10.064,6.7908898322413265,18.0,30.0,ok,134,10.0,14.240634245723074,1.4447930305259902,14.240634245723074,-1.5359999999999996,0.06400000000000006,True,True,,True,119,False,False,False
00300,1,raw_flow_no_blob,exploratory,Highway,Normal,Clear,8.464,10.064,6.825930914454727,18.0,30.0,ok,134,10.0,14.210947076418602,1.478043626460145,14.210947076418602,-1.5359999999999996,0.06400000000000006,True,True,,True,119,False,False,False
00300,1,affine_residual_no_blob,exploratory,Highway,Normal,Clear,8.464,10.064,6.895384484978015,18.0,30.0,ok,134,10.0,14.7276230897532,1.352095163955523,14.7276230897532,-1.5359999999999996,0.06400000000000006,True,True,,True,119,False,False,False
00300,1,frame_difference,exploratory,Highway,Normal,Clear,8.464,10.064,1.7825162143670823,18.0,30.0,ok,134,10.0,2.5079320201933837,-0.03360139213317896,2.5079320201933837,-1.5359999999999996,0.06400000000000006,True,True,,True,119,False,False,False
00418,1,v0_original,exploratory,Urban,Twilight,Clear,18.4,20.033,6.7908898322413265,40.36666666666667,30.0,ok,134,19.966666666666665,3.3888420909893755,0.017886014451651895,3.3888420909893755,-1.5666666666666664,0.06633333333333624,False,False,,False,119,False,False,False
00418,1,raw_flow_no_blob,exploratory,Urban,Twilight,Clear,18.4,20.033,6.825930914454727,40.36666666666667,30.0,ok,134,19.966666666666665,3.3834283216795633,0.12569212825282297,3.3834283216795633,-1.5666666666666664,0.06633333333333624,False,False,,False,119,False,False,False
00418,1,affine_residual_no_blob,exploratory,Urban,Twilight,Clear,18.4,20.033,6.895384484978015,40.36666666666667,30.0,ok,134,19.966666666666665,3.2947816836068844,-0.5551105749985116,3.2947816836068844,-1.5666666666666664,0.06633333333333624,False,False,,False,119,False,False,False
00418,1,frame_difference,exploratory,Urban,Twilight,Clear,18.4,20.033,1.7825162143670823,40.36666666666667,30.0,ok,134,19.966666666666665,1.7364437028757669,0.38915965174183376,1.7364437028757669,-1.5666666666666664,0.06633333333333624,False,False,,False,119,False,False,False
00447,1,v0_original,exploratory,Nature,Normal,Clear,8.929,10.195,6.7908898322413265,19.0,30.0,ok,134,7.666666666666667,0.27165197589856405,0.18181205332831363,0.17848145766133572,1.2623333333333333,2.5283333333333333,False,False,,False,119,False,False,False
00447,1,raw_flow_no_blob,exploratory,Nature,Normal,Clear,8.929,10.195,6.825930914454727,19.0,30.0,ok,134,9.266666666666667,0.31543617191697876,0.2877403247215211,0.2597354302674233,-0.3376666666666672,0.9283333333333328,False,False,,False,119,False,False,False
00447,1,affine_residual_no_blob,exploratory,Nature,Normal,Clear,8.929,10.195,6.895384484978015,19.0,30.0,ok,134,10.133333333333333,0.24348725301830243,-0.14210918483773985,0.24348725301830243,-1.2043333333333326,0.061666666666667425,False,False,,False,119,False,False,False
00447,1,frame_difference,exploratory,Nature,Normal,Clear,8.929,10.195,1.7825162143670823,19.0,30.0,ok,134,9.266666666666667,0.3250436853249446,0.06567539169422862,0.262856205566775,-0.3376666666666672,0.9283333333333328,False,False,,False,119,False,False,False
00463,1,v0_original,exploratory,Sub-urban,Dark,Clear,19.333,20.433,6.7908898322413265,40.4,30.0,ok,134,20.233333333333334,1.492455284094321,-0.9571159158927177,1.264581779772319,-0.9003333333333359,0.19966666666666555,False,False,,False,119,False,False,False
00463,1,raw_flow_no_blob,exploratory,Sub-urban,Dark,Clear,19.333,20.433,6.825930914454727,40.4,30.0,ok,134,20.233333333333334,1.5944352040879042,-0.9230993574939332,1.387782543495534,-0.9003333333333359,0.19966666666666555,False,False,,False,119,False,False,False
00463,1,affine_residual_no_blob,exploratory,Sub-urban,Dark,Clear,19.333,20.433,6.895384484978015,40.4,30.0,ok,134,20.233333333333334,1.8218102253650834,-0.8033195031009726,1.6039544467330171,-0.9003333333333359,0.19966666666666555,False,False,,False,119,False,False,False
00463,1,frame_difference,exploratory,Sub-urban,Dark,Clear,19.333,20.433,1.7825162143670823,40.4,30.0,ok,134,20.166666666666668,0.25146008841458484,-0.46066387401107256,0.0352050469266382,-0.8336666666666694,0.266333333333332,False,False,,False,119,False,False,False
00469,1,v0_original,validation,Highway,Bright,Clear,17.471,18.489,6.7908898322413265,39.43859649122807,28.5,ok,134,10.842105263157896,6.9915243569319045,-1.0003767126266083,-0.6937959602188957,6.6288947368421045,7.646894736842105,False,True,,True,119,True,True,True
00469,1,raw_flow_no_blob,validation,Highway,Bright,Clear,17.471,18.489,6.825930914454727,39.43859649122807,28.5,ok,134,10.842105263157896,7.099350280544973,-1.0485617407957304,-0.7418739960912277,6.6288947368421045,7.646894736842105,False,True,,True,119,True,True,True
00469,1,affine_residual_no_blob,validation,Highway,Bright,Clear,17.471,18.489,6.895384484978015,39.43859649122807,28.5,ok,134,10.842105263157896,7.572607396863876,-1.0967178513686835,-0.847960585940813,6.6288947368421045,7.646894736842105,False,True,,True,119,True,True,True
00469,1,frame_difference,validation,Highway,Bright,Clear,17.471,18.489,1.7825162143670823,39.43859649122807,28.5,ok,134,10.56140350877193,1.6830232167946837,-0.2855826025627971,-0.23581847005821716,6.90959649122807,7.927596491228071,False,False,,False,119,False,False,False
00501,1,v0_original,exploratory,Urban,Bright,Clear,18.077,20.296,6.7908898322413265,39.93464052287582,30.6,ok,134,19.901960784313726,2.4091181919997973,0.5637217677502478,1.4164277061959285,-1.824960784313724,0.39403921568627354,False,False,,False,119,False,False,False
00501,1,raw_flow_no_blob,exploratory,Urban,Bright,Clear,18.077,20.296,6.825930914454727,39.93464052287582,30.6,ok,134,19.901960784313726,2.411545891044704,0.6511357053456804,1.2152523561645951,-1.824960784313724,0.39403921568627354,False,False,,False,119,False,False,False
00501,1,affine_residual_no_blob,exploratory,Urban,Bright,Clear,18.077,20.296,6.895384484978015,39.93464052287582,30.6,ok,134,19.836601307189543,2.4816640464442807,0.28574356238057264,0.778796351627045,-1.7596013071895413,0.4593986928104563,False,False,,False,119,False,False,False
00501,1,frame_difference,exploratory,Urban,Bright,Clear,18.077,20.296,1.7825162143670823,39.93464052287582,30.6,ok,134,19.836601307189543,0.7481544992250946,-0.1541485693549862,0.49980016030082175,-1.7596013071895413,0.4593986928104563,False,False,,False,119,False,False,False
00510,1,v0_original,exploratory,Urban,Normal,Rain,17.5,18.633,6.7908898322413265,40.1,30.0,ok,134,15.7,9.98352179911144,8.626525512981122,6.642158130503362,1.8000000000000007,2.933,True,True,,True,119,True,True,True
00510,1,raw_flow_no_blob,exploratory,Urban,Normal,Rain,17.5,18.633,6.825930914454727,40.1,30.0,ok,134,15.7,10.097710855866788,8.748056279609441,6.6935608034322716,1.8000000000000007,2.933,True,True,,True,119,True,True,True
00510,1,affine_residual_no_blob,exploratory,Urban,Normal,Rain,17.5,18.633,6.895384484978015,40.1,30.0,ok,134,15.7,10.691161241740684,9.289846238934755,7.066327508353213,1.8000000000000007,2.933,True,True,,True,119,True,True,True
00510,1,frame_difference,exploratory,Urban,Normal,Rain,17.5,18.633,1.7825162143670823,40.1,30.0,ok,134,14.166666666666666,3.101947884387206,2.1853192554400556,2.2580797624688964,3.333333333333334,4.466333333333333,True,True,,True,119,True,True,True
00528,1,v0_original,validation,Industrial,Normal,Clear,55.467,56.8,6.7908898322413265,60.0,30.0,ok,135,56.733333333333334,8.431985559240186,-0.01182152237781179,8.431985559240186,-1.2663333333333355,0.06666666666666288,True,True,,True,119,False,False,False
00528,1,raw_flow_no_blob,validation,Industrial,Normal,Clear,55.467,56.8,6.825930914454727,60.0,30.0,ok,135,56.733333333333334,8.534824206740977,-0.02145321180136979,8.534824206740977,-1.2663333333333355,0.06666666666666288,True,True,,True,119,False,False,False
00528,1,affine_residual_no_blob,validation,Industrial,Normal,Clear,55.467,56.8,6.895384484978015,60.0,30.0,ok,135,56.733333333333334,8.983116950635484,-0.20761046070931372,8.983116950635484,-1.2663333333333355,0.06666666666666288,True,True,,True,119,False,False,False
00528,1,frame_difference,validation,Industrial,Normal,Clear,55.467,56.8,1.7825162143670823,60.0,30.0,ok,135,56.733333333333334,1.419478782815772,-0.1286934626340948,1.419478782815772,-1.2663333333333355,0.06666666666666288,False,False,,False,119,False,False,False
00533,1,v0_original,exploratory,Other,Twilight,Clear,17.267,19.767,6.7908898322413265,40.03333333333333,30.0,ok,134,18.133333333333333,-0.41989441595477406,-0.9267628874805761,-0.8727348398187886,-0.8663333333333334,1.6336666666666666,False,False,,False,119,False,False,False
00533,1,raw_flow_no_blob,exploratory,Other,Twilight,Clear,17.267,19.767,6.825930914454727,40.03333333333333,30.0,ok,134,18.133333333333333,-0.4855809366236234,-0.8233988075988887,-1.0215587344304833,-0.8663333333333334,1.6336666666666666,False,False,,False,119,False,False,False
00533,1,affine_residual_no_blob,exploratory,Other,Twilight,Clear,17.267,19.767,6.895384484978015,40.03333333333333,30.0,ok,134,18.266666666666666,-0.4469847009184555,-0.7950252410373433,-1.0769302771714637,-0.9996666666666663,1.5003333333333337,False,False,,False,119,False,False,False
00533,1,frame_difference,exploratory,Other,Twilight,Clear,17.267,19.767,1.7825162143670823,40.03333333333333,30.0,ok,134,18.266666666666666,0.024114046228241925,-0.24973124876776198,-0.21707543739149657,-0.9996666666666663,1.5003333333333337,False,False,,False,119,False,False,False
00544,1,v0_original,exploratory,Rural,Normal,Clear,20.354,21.455,6.7908898322413265,40.33444816053512,29.9,ok,134,20.93645484949833,3.3010749498581724,1.8613620916939206,1.2620660035398201,-0.5824548494983297,0.5185451505016694,False,False,,False,119,False,False,False
00544,1,raw_flow_no_blob,exploratory,Rural,Normal,Clear,20.354,21.455,6.825930914454727,40.33444816053512,29.9,ok,134,20.93645484949833,3.3875724934908207,1.9118737118988536,1.2756304422049358,-0.5824548494983297,0.5185451505016694,False,False,,False,119,False,False,False
00544,1,affine_residual_no_blob,exploratory,Rural,Normal,Clear,20.354,21.455,6.895384484978015,40.33444816053512,29.9,ok,134,20.93645484949833,3.2876072962603224,1.8931402483299964,1.337401964520145,-0.5824548494983297,0.5185451505016694,False,False,,False,119,False,False,False
00544,1,frame_difference,exploratory,Rural,Normal,Clear,20.354,21.455,1.7825162143670823,40.33444816053512,29.9,ok,134,21.003344481605353,0.540884182578886,0.22214323403520747,0.31927091027592297,-0.649344481605354,0.45165551839464513,False,False,,False,119,False,False,False
00588,1,v0_original,exploratory,Highway,Dark,Clear,17.5,19.3,6.7908898322413265,40.166666666666664,30.0,ok,135,12.3,0.09620682432264026,-0.28033703981746566,-1.1114498161062554,5.199999999999999,7.0,False,False,,False,119,False,False,False
00588,1,raw_flow_no_blob,exploratory,Highway,Dark,Clear,17.5,19.3,6.825930914454727,40.166666666666664,30.0,ok,135,12.3,0.21651980433271306,-0.15577565674527344,-1.146053728588225,5.199999999999999,7.0,False,False,,False,119,False,False,False
00588,1,affine_residual_no_blob,exploratory,Highway,Dark,Clear,17.5,19.3,6.895384484978015,40.166666666666664,30.0,ok,135,12.3,0.3786369361370438,-0.008121607999155414,-1.042003354000292,5.199999999999999,7.0,False,False,,False,119,False,False,False
00588,1,frame_difference,exploratory,Highway,Dark,Clear,17.5,19.3,1.7825162143670823,40.166666666666664,30.0,ok,135,16.3,-0.0011915952340618777,-0.08808522912668179,-0.4314386742756158,1.1999999999999993,3.0,False,False,,False,119,False,False,False
00617,1,v0_original,validation,Highway,Dark,Clear,18.453,19.661,6.7908898322413265,39.57516339869281,30.6,ok,134,12.026143790849673,0.7485796008232855,-0.16894766081039664,0.5207096703411027,6.426856209150326,7.634856209150328,False,False,,False,119,False,False,False
00617,1,raw_flow_no_blob,validation,Highway,Dark,Clear,18.453,19.661,6.825930914454727,39.57516339869281,30.6,ok,134,19.542483660130717,0.2766156691904976,-0.04389880977969269,0.24195209186009983,-1.0894836601307176,0.11851633986928434,False,False,,False,119,False,False,False
00617,1,affine_residual_no_blob,validation,Highway,Dark,Clear,18.453,19.661,6.895384484978015,39.57516339869281,30.6,ok,134,19.542483660130717,0.34267109117268335,0.023970274006416117,0.33153006696404586,-1.0894836601307176,0.11851633986928434,False,False,,False,119,False,False,False
00617,1,frame_difference,validation,Highway,Dark,Clear,18.453,19.661,1.7825162143670823,39.57516339869281,30.6,ok,134,12.026143790849673,0.3876187858980251,0.07469201446371539,0.2790449949409295,6.426856209150326,7.634856209150328,False,False,,False,119,False,False,False
00623,1,v0_original,exploratory,Highway,Twilight,Clear,19.568,20.058,6.7908898322413265,40.29411764705882,30.6,ok,134,19.34640522875817,-0.4598051227022095,-0.8752836979079883,-0.7873485143283647,0.2215947712418327,0.7115947712418311,False,False,,False,119,False,False,False
00623,1,raw_flow_no_blob,exploratory,Highway,Twilight,Clear,19.568,20.058,6.825930914454727,40.29411764705882,30.6,ok,134,20.0,-0.7569976985675901,-0.9326903286203125,-0.7569976985675901,-0.4319999999999986,0.05799999999999983,False,False,,False,119,False,False,False
00623,1,affine_residual_no_blob,exploratory,Highway,Twilight,Clear,19.568,20.058,6.895384484978015,40.29411764705882,30.6,ok,134,20.0,-0.24854646706102446,-0.9842162373441459,-0.24854646706102446,-0.4319999999999986,0.05799999999999983,False,False,,False,119,False,False,False
00623,1,frame_difference,exploratory,Highway,Twilight,Clear,19.568,20.058,1.7825162143670823,40.29411764705882,30.6,ok,134,20.0,1.0610980626149833,-0.1359895549368007,1.0610980626149833,-0.4319999999999986,0.05799999999999983,False,False,,False,119,False,False,False
00629,1,v0_original,exploratory,Sub-urban,Twilight,Clear,8.398,10.431,6.7908898322413265,19.0,30.0,ok,134,10.033333333333333,1.6909336993691082,0.5458863145427677,0.6214688803796591,-1.6353333333333335,0.39766666666666595,False,False,,False,119,False,False,False
00629,1,raw_flow_no_blob,exploratory,Sub-urban,Twilight,Clear,8.398,10.431,6.825930914454727,19.0,30.0,ok,134,10.033333333333333,1.5462202605760598,0.17014319259612226,0.6555886189106348,-1.6353333333333335,0.39766666666666595,False,False,,False,119,False,False,False
00629,1,affine_residual_no_blob,exploratory,Sub-urban,Twilight,Clear,8.398,10.431,6.895384484978015,19.0,30.0,ok,134,10.033333333333333,1.3905885786685452,0.28568815797888464,0.5047645611378095,-1.6353333333333335,0.39766666666666595,False,False,,False,119,False,False,False
00629,1,frame_difference,exploratory,Sub-urban,Twilight,Clear,8.398,10.431,1.7825162143670823,19.0,30.0,ok,134,10.033333333333333,0.9992027665271452,0.23060989848500488,0.5327639316093884,-1.6353333333333335,0.39766666666666595,False,False,,False,119,False,False,False
00639,1,v0_original,exploratory,Sub-urban,Twilight,Cloudy,17.951,19.953,6.7908898322413265,40.434782608695656,29.9,ok,134,13.31103678929766,5.609103576235668,2.83629484641391,2.742742579101466,4.639963210702341,6.64196321070234,False,False,,False,119,False,False,False
00639,1,raw_flow_no_blob,exploratory,Sub-urban,Twilight,Cloudy,17.951,19.953,6.825930914454727,40.434782608695656,29.9,ok,134,13.444816053511706,5.720480435057517,2.678199397181209,2.8000178037515644,4.506183946488294,6.508183946488293,False,False,,False,119,False,False,False
00639,1,affine_residual_no_blob,exploratory,Sub-urban,Twilight,Cloudy,17.951,19.953,6.895384484978015,40.434782608695656,29.9,ok,134,13.444816053511706,6.129376605611987,2.617607822355894,1.2442387851956527,4.506183946488294,6.508183946488293,False,False,,False,119,False,False,False
00639,1,frame_difference,exploratory,Sub-urban,Twilight,Cloudy,17.951,19.953,1.7825162143670823,40.434782608695656,29.9,ok,134,18.22742474916388,2.6496301148068873,2.556840909162904,1.8814480493226122,-0.2764247491638798,1.725575250836119,True,True,,True,119,True,True,True
00675,1,v0_original,exploratory,Sub-urban,Twilight,Clear,18.5,19.2,6.7908898322413265,40.56666666666667,30.0,ok,135,13.2,0.49883124999563405,-0.05402174150974287,-0.6562993296270867,5.300000000000001,6.0,False,False,,False,119,False,False,False
00675,1,raw_flow_no_blob,exploratory,Sub-urban,Twilight,Clear,18.5,19.2,6.825930914454727,40.56666666666667,30.0,ok,135,13.2,0.5457539470880497,0.07258543968984472,-0.9809819313928692,5.300000000000001,6.0,False,False,,False,119,False,False,False
00675,1,affine_residual_no_blob,exploratory,Sub-urban,Twilight,Clear,18.5,19.2,6.895384484978015,40.56666666666667,30.0,ok,135,13.2,0.7204976026748865,0.23320273194674096,-0.8686371594937379,5.300000000000001,6.0,False,False,,False,119,False,False,False
00675,1,frame_difference,exploratory,Sub-urban,Twilight,Clear,18.5,19.2,1.7825162143670823,40.56666666666667,30.0,ok,135,19.0,0.537663705265713,0.31578724928675256,0.19517421832985557,-0.5,0.1999999999999993,False,False,,False,119,False,False,False
00705,1,v0_original,exploratory,Other,Normal,Rain,19.867,21.86,6.7908898322413265,40.65359477124183,30.6,ok,134,14.542483660130719,4.2911714211789995,0.7434115460711856,1.2274526687987288,5.324516339869282,7.317516339869281,False,False,,False,119,False,False,False
00705,1,raw_flow_no_blob,exploratory,Other,Normal,Rain,19.867,21.86,6.825930914454727,40.65359477124183,30.6,ok,134,14.542483660130719,3.970915418230768,0.6930530149623965,0.4999320840524288,5.324516339869282,7.317516339869281,False,False,,False,119,False,False,False
00705,1,affine_residual_no_blob,exploratory,Other,Normal,Rain,19.867,21.86,6.895384484978015,40.65359477124183,30.6,ok,134,14.542483660130719,3.832673454692382,0.5047571296803393,0.4072391302152112,5.324516339869282,7.317516339869281,False,False,,False,119,False,False,False
00705,1,frame_difference,exploratory,Other,Normal,Rain,19.867,21.86,1.7825162143670823,40.65359477124183,30.6,ok,134,14.542483660130719,2.500022735991106,0.416784823555808,1.154143901741561,5.324516339869282,7.317516339869281,True,True,,True,119,True,True,True
00742,1,v0_original,exploratory,Urban,Dark,Clear,19.431,20.168,6.7908898322413265,40.033557046979865,29.8,ok,134,19.328859060402685,3.1555894561404187,2.951093618891362,1.9053054376571668,0.10214093959731585,0.8391409395973142,False,False,,False,119,False,False,False
00742,1,raw_flow_no_blob,exploratory,Urban,Dark,Clear,19.431,20.168,6.825930914454727,40.033557046979865,29.8,ok,134,19.463087248322147,2.6407843817570726,2.607366321853279,1.7054159573039906,-0.03208724832214571,0.7049127516778526,False,False,,False,119,False,False,False
00742,1,affine_residual_no_blob,exploratory,Urban,Dark,Clear,19.431,20.168,6.895384484978015,40.033557046979865,29.8,ok,134,19.463087248322147,2.9326521877421454,2.906031188428872,1.9002565150375719,-0.03208724832214571,0.7049127516778526,False,False,,False,119,False,False,False
00742,1,frame_difference,exploratory,Urban,Dark,Clear,19.431,20.168,1.7825162143670823,40.033557046979865,29.8,ok,134,19.530201342281877,1.4620864257192117,1.3937259517130536,1.106968710304416,-0.09920134228187649,0.6377986577181218,False,False,,False,119,False,False,False
00750,1,v0_original,validation,Other,Normal,Clear,19.426,21.025,6.7908898322413265,39.72696245733788,29.3,ok,134,19.658703071672356,4.491245856743402,3.7377130087199513,-0.16215376710223167,-0.2327030716723577,1.3662969283276425,False,False,,False,119,False,False,False
00750,1,raw_flow_no_blob,validation,Other,Normal,Clear,19.426,21.025,6.825930914454727,39.72696245733788,29.3,ok,134,19.658703071672356,4.591005761064041,3.784566996539735,-0.16366171410817165,-0.2327030716723577,1.3662969283276425,False,False,,False,119,False,False,False
00750,1,affine_residual_no_blob,validation,Other,Normal,Clear,19.426,21.025,6.895384484978015,39.72696245733788,29.3,ok,134,19.658703071672356,4.5562502826218445,3.3477944391239634,-0.4351916595058735,-0.2327030716723577,1.3662969283276425,False,False,,False,119,False,False,False
00750,1,frame_difference,validation,Other,Normal,Clear,19.426,21.025,1.7825162143670823,39.72696245733788,29.3,ok,134,15.7679180887372,1.0838013538078521,0.7891652136171476,-0.08764746568491907,3.658081911262798,5.257081911262798,False,False,,False,119,False,False,False
00751,1,v0_original,validation,Sub-urban,Normal,Cloudy,19.1,20.333,6.7908898322413265,40.03333333333333,30.0,ok,134,18.8,6.573840199762933,4.733745986487744,-0.11786009096396577,0.3000000000000007,1.5329999999999977,False,False,,False,119,False,False,False
00751,1,raw_flow_no_blob,validation,Sub-urban,Normal,Cloudy,19.1,20.333,6.825930914454727,40.03333333333333,30.0,ok,134,18.8,6.661688768480383,4.831500181206904,-0.1268163079200416,0.3000000000000007,1.5329999999999977,False,False,,False,119,False,False,False
00751,1,affine_residual_no_blob,validation,Sub-urban,Normal,Cloudy,19.1,20.333,6.895384484978015,40.03333333333333,30.0,ok,134,18.8,7.08740083730293,4.532107407065557,-0.2959893467590555,0.3000000000000007,1.5329999999999977,True,True,,True,119,True,True,True
00751,1,frame_difference,validation,Sub-urban,Normal,Cloudy,19.1,20.333,1.7825162143670823,40.03333333333333,30.0,ok,134,18.4,1.8829653427307038,1.2974812414259482,0.23969271701538747,0.7000000000000028,1.9329999999999998,True,True,,True,119,True,True,True
00769,1,v0_original,validation,Urban,Twilight,Clear,18.7,20.433,6.7908898322413265,40.06666666666667,30.0,ok,134,19.433333333333334,4.4969384636325325,4.0217123337127525,0.0010147291569406192,-0.7333333333333343,0.9996666666666663,False,False,,False,119,False,False,False
00769,1,raw_flow_no_blob,validation,Urban,Twilight,Clear,18.7,20.433,6.825930914454727,40.06666666666667,30.0,ok,134,19.433333333333334,4.611484162949722,4.036796822494516,0.08000272000122899,-0.7333333333333343,0.9996666666666663,False,False,,False,119,False,False,False
00769,1,affine_residual_no_blob,validation,Urban,Twilight,Clear,18.7,20.433,6.895384484978015,40.06666666666667,30.0,ok,134,18.833333333333332,3.7588716035761447,3.476081908361972,-0.13425272516972905,-0.13333333333333286,1.5996666666666677,False,False,,False,119,False,False,False
00769,1,frame_difference,validation,Urban,Twilight,Clear,18.7,20.433,1.7825162143670823,40.06666666666667,30.0,ok,134,15.233333333333333,1.236287303921562,0.8779842523611151,0.07819155947698185,3.466666666666667,5.199666666666667,False,False,,False,119,False,False,False
00773,1,v0_original,exploratory,Highway,Twilight,Clear,18.967,20.1,6.7908898322413265,40.266666666666666,30.0,ok,135,19.366666666666667,8.541713632044456,4.752079842247587,1.7202001819551083,-0.3996666666666684,0.7333333333333343,True,True,,True,119,True,False,False
00773,1,raw_flow_no_blob,exploratory,Highway,Twilight,Clear,18.967,20.1,6.825930914454727,40.266666666666666,30.0,ok,135,19.366666666666667,8.578716753262409,4.794323525488863,1.8443419201805877,-0.3996666666666684,0.7333333333333343,True,True,,True,119,True,False,False
00773,1,affine_residual_no_blob,exploratory,Highway,Twilight,Clear,18.967,20.1,6.895384484978015,40.266666666666666,30.0,ok,135,19.366666666666667,8.585063601306175,4.8706045506985065,2.0614732850585757,-0.3996666666666684,0.7333333333333343,True,True,,True,119,True,False,False
00773,1,frame_difference,exploratory,Highway,Twilight,Clear,18.967,20.1,1.7825162143670823,40.266666666666666,30.0,ok,135,19.366666666666667,1.4720376768261763,1.00873983879901,0.17695093208094678,-0.3996666666666684,0.7333333333333343,False,False,,False,119,False,False,False
00776,1,v0_original,exploratory,Urban,Twilight,Clear,18.089,19.818,6.7908898322413265,40.108303249097474,27.7,ok,134,11.913357400722022,3.4281906962103785,1.5674522785623362,-1.2891718355793003,6.175642599277976,7.904642599277979,False,False,,False,119,False,False,False
00776,1,raw_flow_no_blob,exploratory,Urban,Twilight,Clear,18.089,19.818,6.825930914454727,40.108303249097474,27.7,ok,134,11.913357400722022,3.571780113713044,1.6189935927840335,-1.230728436705804,6.175642599277976,7.904642599277979,False,False,,False,119,False,False,False
00776,1,affine_residual_no_blob,exploratory,Urban,Twilight,Clear,18.089,19.818,6.895384484978015,40.108303249097474,27.7,ok,134,11.913357400722022,3.411081618010435,1.5597102396577789,-1.1259557170819763,6.175642599277976,7.904642599277979,False,False,,False,119,False,False,False
00776,1,frame_difference,exploratory,Urban,Twilight,Clear,18.089,19.818,1.7825162143670823,40.108303249097474,27.7,ok,134,11.913357400722022,0.6481804702234075,0.14905939833489595,-0.3686143481387257,6.175642599277976,7.904642599277979,False,False,,False,119,False,False,False
00823,1,v0_original,exploratory,Sub-urban,Dark,Clear,34.9,36.4,6.7908898322413265,40.6,30.0,ok,135,36.333333333333336,3.7196047504118495,0.30556521222005684,3.7196047504118495,-1.4333333333333371,0.06666666666666288,False,False,,False,119,False,False,False
00823,1,raw_flow_no_blob,exploratory,Sub-urban,Dark,Clear,34.9,36.4,6.825930914454727,40.6,30.0,ok,135,36.333333333333336,3.7237697840955644,0.3352020255454369,3.7237697840955644,-1.4333333333333371,0.06666666666666288,False,False,,False,119,False,False,False
00823,1,affine_residual_no_blob,exploratory,Sub-urban,Dark,Clear,34.9,36.4,6.895384484978015,40.6,30.0,ok,135,36.333333333333336,4.050159957434702,0.5050651295406607,4.050159957434702,-1.4333333333333371,0.06666666666666288,False,False,,False,119,False,False,False
00823,1,frame_difference,exploratory,Sub-urban,Dark,Clear,34.9,36.4,1.7825162143670823,40.6,30.0,ok,135,36.333333333333336,0.6705178678463737,0.05073733078864372,0.6705178678463737,-1.4333333333333371,0.06666666666666288,False,False,,False,119,False,False,False
00856,1,v0_original,exploratory,Highway,Normal,Clear,7.465,9.831,6.7908898322413265,18.0,30.0,ok,134,5.166666666666667,4.984717675675559,-1.3123321765581166,-1.3744720694932961,2.298333333333333,4.6643333333333326,False,False,,False,119,False,False,False
00856,1,raw_flow_no_blob,exploratory,Highway,Normal,Clear,7.465,9.831,6.825930914454727,18.0,30.0,ok,134,5.1,5.011265193500057,-1.195917258469887,-1.320881037292987,2.365,4.731,False,False,,False,119,False,False,False
00856,1,affine_residual_no_blob,exploratory,Highway,Normal,Clear,7.465,9.831,6.895384484978015,18.0,30.0,ok,134,5.1,5.367991216401498,-1.2915206238133343,-1.3550426765647228,2.365,4.731,False,False,,False,119,False,False,False
00856,1,frame_difference,exploratory,Highway,Normal,Clear,7.465,9.831,1.7825162143670823,18.0,30.0,ok,134,5.966666666666667,2.716539085897389,-0.4375137041491439,-0.3273629060954226,1.498333333333333,3.8643333333333327,True,True,,True,119,True,True,True
00877,1,v0_original,exploratory,Highway,Twilight,Clear,18.6,20.167,6.7908898322413265,40.56666666666667,30.0,ok,134,19.066666666666666,7.964100345036405,5.182338429433781,0.47632978823746264,-0.466666666666665,1.1003333333333352,True,True,,True,119,True,True,True
00877,1,raw_flow_no_blob,exploratory,Highway,Twilight,Clear,18.6,20.167,6.825930914454727,40.56666666666667,30.0,ok,134,19.066666666666666,8.078251013930121,5.293430382085656,0.5755727063466284,-0.466666666666665,1.1003333333333352,True,True,,True,119,True,True,True
00877,1,affine_residual_no_blob,exploratory,Highway,Twilight,Clear,18.6,20.167,6.895384484978015,40.56666666666667,30.0,ok,134,19.066666666666666,8.35464885985747,5.294064119938142,0.520011256567323,-0.466666666666665,1.1003333333333352,True,True,,True,119,True,True,True
00877,1,frame_difference,exploratory,Highway,Twilight,Clear,18.6,20.167,1.7825162143670823,40.56666666666667,30.0,ok,134,14.133333333333333,1.5331368416374225,1.2309235250670978,-0.10061609209598654,4.466666666666669,6.033666666666669,False,False,,False,119,False,False,False
00887,1,v0_original,exploratory,Highway,Normal,Cloudy,19.167,19.967,6.7908898322413265,40.833333333333336,30.0,ok,134,16.533333333333335,-0.24916774018526489,-1.353026303903302,-0.7122792986765876,2.6336666666666666,3.4336666666666638,False,False,,False,119,False,False,False
00887,1,raw_flow_no_blob,exploratory,Highway,Normal,Cloudy,19.167,19.967,6.825930914454727,40.833333333333336,30.0,ok,134,16.533333333333335,-0.13963043941724765,-1.239830959810413,-0.8142560458911422,2.6336666666666666,3.4336666666666638,False,False,,False,119,False,False,False
00887,1,affine_residual_no_blob,exploratory,Highway,Normal,Cloudy,19.167,19.967,6.895384484978015,40.833333333333336,30.0,ok,134,16.466666666666665,-0.061640126698707595,-1.2878266576763844,-0.9138262015422347,2.7003333333333366,3.5003333333333337,False,False,,False,119,False,False,False
00887,1,frame_difference,exploratory,Highway,Normal,Cloudy,19.167,19.967,1.7825162143670823,40.833333333333336,30.0,ok,134,12.066666666666666,-0.10191009895440056,-0.3467601974649275,-0.10662569666370918,7.100333333333335,7.900333333333332,False,False,,False,119,False,False,False
00900,1,v0_original,exploratory,Sub-urban,Bright,Clear,17.942,21.177,6.7908898322413265,40.36065573770492,30.5,ok,134,16.524590163934427,6.165256767694137,3.2094761861359906,-1.2200098330921847,1.4174098360655734,4.652409836065573,False,False,,False,119,False,False,False
00900,1,raw_flow_no_blob,exploratory,Sub-urban,Bright,Clear,17.942,21.177,6.825930914454727,40.36065573770492,30.5,ok,134,16.524590163934427,6.269265616994686,3.3205991080824875,-1.1787982578345688,1.4174098360655734,4.652409836065573,False,False,,False,119,False,False,False
00900,1,affine_residual_no_blob,exploratory,Sub-urban,Bright,Clear,17.942,21.177,6.895384484978015,40.36065573770492,30.5,ok,134,16.524590163934427,6.55644104807687,3.587308818479384,-1.196557350783511,1.4174098360655734,4.652409836065573,False,False,,False,119,False,False,False
00900,1,frame_difference,exploratory,Sub-urban,Bright,Clear,17.942,21.177,1.7825162143670823,40.36065573770492,30.5,ok,134,16.918032786885245,1.528846532366198,0.9869790065990854,-0.3108238584517894,1.023967213114755,4.2589672131147545,False,False,,False,119,False,False,False
00905,1,v0_original,exploratory,Industrial,Normal,Clear,8.859,10.657,6.7908898322413265,18.0,30.0,ok,134,9.666666666666666,0.26601547664306363,-0.8318660686130929,-1.129539673874729,-0.8076666666666661,0.990333333333334,False,False,,False,119,False,False,False
00905,1,raw_flow_no_blob,exploratory,Industrial,Normal,Clear,8.859,10.657,6.825930914454727,18.0,30.0,ok,134,9.866666666666667,0.3354257464529097,-0.7455017633788268,-1.3238945116039909,-1.0076666666666672,0.7903333333333329,False,False,,False,119,False,False,False
00905,1,affine_residual_no_blob,exploratory,Industrial,Normal,Clear,8.859,10.657,6.895384484978015,18.0,30.0,ok,134,9.8,0.23436400843352112,-0.6834076669192537,-1.3034559534658552,-0.9410000000000007,0.8569999999999993,False,False,,False,119,False,False,False
00905,1,frame_difference,exploratory,Industrial,Normal,Clear,8.859,10.657,1.7825162143670823,18.0,30.0,ok,134,9.866666666666667,0.059905549974365604,-0.27431944671461417,-0.36907974369874197,-1.0076666666666672,0.7903333333333329,False,False,,False,119,False,False,False
00911,1,v0_original,exploratory,Other,Normal,Clear,18.162,19.122,6.7908898322413265,39.20962199312714,29.1,ok,134,18.659793814432987,-0.02734286367029326,-1.1782392103103176,-0.42600898025608597,-0.4977938144329883,0.46220618556701254,False,False,,False,119,False,False,False
00911,1,raw_flow_no_blob,exploratory,Other,Normal,Clear,18.162,19.122,6.825930914454727,39.20962199312714,29.1,ok,134,18.79725085910653,-0.07779527886139716,-1.144049432026687,-0.4097535500375855,-0.6352508591065309,0.32474914089346996,False,False,,False,119,False,False,False
00911,1,affine_residual_no_blob,exploratory,Other,Normal,Clear,18.162,19.122,6.895384484978015,39.20962199312714,29.1,ok,134,18.79725085910653,-0.17259963755077212,-1.1759887570460625,-0.28871559591549745,-0.6352508591065309,0.32474914089346996,False,False,,False,119,False,False,False
00911,1,frame_difference,exploratory,Other,Normal,Clear,18.162,19.122,1.7825162143670823,39.20962199312714,29.1,ok,134,18.79725085910653,0.311759569571904,-0.21812962153442764,0.09701685076921025,-0.6352508591065309,0.32474914089346996,False,False,,False,119,False,False,False
00927,1,v0_original,validation,Urban,Dark,Clear,16.4,20.033,6.7908898322413265,40.333333333333336,30.0,ok,134,19.566666666666666,3.3291872584001787,1.1894601074044457,2.931065084714974,-3.166666666666668,0.4663333333333348,False,False,,False,119,False,False,False
00927,1,raw_flow_no_blob,validation,Urban,Dark,Clear,16.4,20.033,6.825930914454727,40.333333333333336,30.0,ok,134,19.633333333333333,3.3666693063050546,1.1743530147312815,3.042118447422679,-3.2333333333333343,0.3996666666666684,False,False,,False,119,False,False,False
00927,1,affine_residual_no_blob,validation,Urban,Dark,Clear,16.4,20.033,6.895384484978015,40.333333333333336,30.0,ok,134,19.7,3.3605179721991094,0.937787857056001,2.8620900978850803,-3.3000000000000007,0.33300000000000196,False,False,,False,119,False,False,False
00927,1,frame_difference,validation,Urban,Dark,Clear,16.4,20.033,1.7825162143670823,40.333333333333336,30.0,ok,134,19.9,0.9796919953060338,-0.04028264946740772,0.9556538903779428,-3.5,0.13300000000000267,False,False,,False,119,False,False,False
00929,1,v0_original,exploratory,Sub-urban,Dark,Clear,16.033,18.467,6.7908898322413265,39.733333333333334,30.0,ok,134,10.9,2.178992195584467,-0.8444383123656085,2.0450353578101614,5.133000000000001,7.566999999999998,False,False,,False,119,False,False,False
00929,1,raw_flow_no_blob,exploratory,Sub-urban,Dark,Clear,16.033,18.467,6.825930914454727,39.733333333333334,30.0,ok,134,10.9,2.2274442627153994,-1.3418661803649592,2.0476184309562258,5.133000000000001,7.566999999999998,False,False,,False,119,False,False,False
00929,1,affine_residual_no_blob,exploratory,Sub-urban,Dark,Clear,16.033,18.467,6.895384484978015,39.733333333333334,30.0,ok,134,10.9,2.484291332562466,-1.2412175677247588,2.293022084766175,5.133000000000001,7.566999999999998,False,False,,False,119,False,False,False
00929,1,frame_difference,exploratory,Sub-urban,Dark,Clear,16.033,18.467,1.7825162143670823,39.733333333333334,30.0,ok,134,18.433333333333334,0.7767232420545693,-0.4273800692027584,0.7767232420545693,-2.4003333333333323,0.03366666666666518,False,False,,False,119,False,False,False
00935,1,v0_original,exploratory,Sub-urban,Normal,Clear,15.795,19.608,6.7908898322413265,40.17064846416382,29.3,ok,134,13.41296928327645,2.553602055660438,0.9703429689894446,-0.11463174120317074,2.38203071672355,6.195030716723551,False,False,,False,119,False,False,False
00935,1,raw_flow_no_blob,exploratory,Sub-urban,Normal,Clear,15.795,19.608,6.825930914454727,40.17064846416382,29.3,ok,134,13.41296928327645,2.3650141410121153,1.0907782419010092,0.02037510210248003,2.38203071672355,6.195030716723551,False,False,,False,119,False,False,False
00935,1,affine_residual_no_blob,exploratory,Sub-urban,Normal,Clear,15.795,19.608,6.895384484978015,40.17064846416382,29.3,ok,134,16.962457337883958,1.4439203207671905,0.5577694269960461,-0.22587703646826768,-1.167457337883958,2.6455426621160427,False,False,,False,119,False,False,False
00935,1,frame_difference,exploratory,Sub-urban,Normal,Clear,15.795,19.608,1.7825162143670823,40.17064846416382,29.3,ok,134,16.89419795221843,0.3455259784247078,0.02279354227416371,-0.1799921040840194,-1.0991979522184305,2.71380204778157,False,False,,False,119,False,False,False
00937,1,v0_original,exploratory,Sub-urban,Twilight,Clear,18.3,20.167,6.7908898322413265,40.93333333333333,30.0,ok,134,19.866666666666667,1.1997817775352564,0.4881193404216287,0.6235661063290702,-1.5666666666666664,0.30033333333333445,False,False,,False,119,False,False,False
00937,1,raw_flow_no_blob,exploratory,Sub-urban,Twilight,Clear,18.3,20.167,6.825930914454727,40.93333333333333,30.0,ok,134,19.866666666666667,1.196104137436203,0.5777783000572154,0.6623324734631673,-1.5666666666666664,0.30033333333333445,False,False,,False,119,False,False,False
00937,1,affine_residual_no_blob,exploratory,Sub-urban,Twilight,Clear,18.3,20.167,6.895384484978015,40.93333333333333,30.0,ok,134,18.466666666666665,0.8804433911504863,0.3583544984503717,0.03380248982742991,-0.1666666666666643,1.7003333333333366,False,False,,False,119,False,False,False
00937,1,frame_difference,exploratory,Sub-urban,Twilight,Clear,18.3,20.167,1.7825162143670823,40.93333333333333,30.0,ok,134,19.866666666666667,0.7910365350358655,0.09513387896510689,0.4218528348935804,-1.5666666666666664,0.30033333333333445,False,False,,False,119,False,False,False
00957,1,v0_original,exploratory,Urban,Bright,Clear,18.67,19.719,6.7908898322413265,39.25423728813559,29.5,ok,134,19.661016949152543,8.20961454935015,4.681610422562959,8.20961454935015,-0.9910169491525416,0.05798305084745792,True,True,,True,119,False,False,False
00957,1,raw_flow_no_blob,exploratory,Urban,Bright,Clear,18.67,19.719,6.825930914454727,39.25423728813559,29.5,ok,134,19.661016949152543,8.258805103112923,4.719982277694758,8.258805103112923,-0.9910169491525416,0.05798305084745792,True,True,,True,119,False,False,False
00957,1,affine_residual_no_blob,exploratory,Urban,Bright,Clear,18.67,19.719,6.895384484978015,39.25423728813559,29.5,ok,134,19.661016949152543,8.699825063098785,4.754696474691828,8.699825063098785,-0.9910169491525416,0.05798305084745792,True,True,,True,119,False,False,False
00957,1,frame_difference,exploratory,Urban,Bright,Clear,18.67,19.719,1.7825162143670823,39.25423728813559,29.5,ok,134,19.661016949152543,10.249181295156431,5.583694210673793,10.249181295156431,-0.9910169491525416,0.05798305084745792,True,True,,True,119,True,True,True
00971,1,v0_original,exploratory,Highway,Dark,Clear,18.2,20.533,6.7908898322413265,40.333333333333336,30.0,ok,134,19.4,1.4349474928423849,0.2326713467618831,0.2653230290341345,-1.1999999999999993,1.1330000000000027,False,False,,False,119,False,False,False
00971,1,raw_flow_no_blob,exploratory,Highway,Dark,Clear,18.2,20.533,6.825930914454727,40.333333333333336,30.0,ok,134,19.4,1.3241185972341263,0.3616127502487624,0.1885740178863559,-1.1999999999999993,1.1330000000000027,False,False,,False,119,False,False,False
00971,1,affine_residual_no_blob,exploratory,Highway,Dark,Clear,18.2,20.533,6.895384484978015,40.333333333333336,30.0,ok,134,19.4,1.531030639420997,0.5247464045909658,0.3493880782316786,-1.1999999999999993,1.1330000000000027,False,False,,False,119,False,False,False
00971,1,frame_difference,exploratory,Highway,Dark,Clear,18.2,20.533,1.7825162143670823,40.333333333333336,30.0,ok,134,19.8,0.31472742181400726,0.037911028235964914,0.1738603321607508,-1.6000000000000014,0.7330000000000005,False,False,,False,119,False,False,False
00979,1,v0_original,exploratory,Highway,Twilight,Clear,17.803,19.795,6.7908898322413265,40.29411764705882,30.6,ok,134,16.96078431372549,0.7009081807095106,-0.08375302004880412,-0.3243812432250822,0.8422156862745105,2.8342156862745114,False,False,,False,119,False,False,False
00979,1,raw_flow_no_blob,exploratory,Highway,Twilight,Clear,17.803,19.795,6.825930914454727,40.29411764705882,30.6,ok,134,16.96078431372549,0.7816246406129875,0.04602094003701781,-0.41538977442714814,0.8422156862745105,2.8342156862745114,False,False,,False,119,False,False,False
00979,1,affine_residual_no_blob,exploratory,Highway,Twilight,Clear,17.803,19.795,6.895384484978015,40.29411764705882,30.6,ok,134,16.96078431372549,0.5537210395256624,-0.13707079810811487,-0.44455643217277935,0.8422156862745105,2.8342156862745114,False,False,,False,119,False,False,False
00979,1,frame_difference,exploratory,Highway,Twilight,Clear,17.803,19.795,1.7825162143670823,40.29411764705882,30.6,ok,134,18.627450980392155,0.20192118834710066,0.10599908628603164,-0.009122363773009737,-0.8244509803921538,1.167549019607847,False,False,,False,119,False,False,False
01000,1,v0_original,exploratory,Rural,Normal,Cloudy,17.152,17.937,6.7908898322413265,38.267973856209146,30.6,ok,134,11.568627450980392,2.796435299639036,-0.7284555954783104,1.8223646116642467,5.583372549019609,6.368372549019609,False,False,,False,119,False,False,False
01000,1,raw_flow_no_blob,exploratory,Rural,Normal,Cloudy,17.152,17.937,6.825930914454727,38.267973856209146,30.6,ok,134,11.568627450980392,2.8515845530296353,-0.63203676779581,1.8706652716010563,5.583372549019609,6.368372549019609,False,False,,False,119,False,False,False
01000,1,affine_residual_no_blob,exploratory,Rural,Normal,Cloudy,17.152,17.937,6.895384484978015,38.267973856209146,30.6,ok,134,11.568627450980392,3.0304242140337134,-0.5167535065693801,1.8881423781788276,5.583372549019609,6.368372549019609,False,False,,False,119,False,False,False
01000,1,frame_difference,exploratory,Rural,Normal,Cloudy,17.152,17.937,1.7825162143670823,38.267973856209146,30.6,ok,134,17.875816993464053,1.494636695798404,-0.07018608933410317,1.494636695798404,-0.7238169934640517,0.061183006535948437,False,False,,False,119,False,False,False
01024,1,v0_original,exploratory,Highway,Bright,Clear,17.633,20.667,6.7908898322413265,40.3,30.0,ok,134,17.166666666666668,6.809973871909779,3.7917963220711113,5.150884006149818,0.46633333333333127,3.5003333333333337,True,True,,True,119,True,True,True
01024,1,raw_flow_no_blob,exploratory,Highway,Bright,Clear,17.633,20.667,6.825930914454727,40.3,30.0,ok,134,17.166666666666668,6.649147736742706,3.8269238445254694,5.157352915144112,0.46633333333333127,3.5003333333333337,False,False,,False,119,False,False,False
01024,1,affine_residual_no_blob,exploratory,Highway,Bright,Clear,17.633,20.667,6.895384484978015,40.3,30.0,ok,134,17.033333333333335,6.743322626633562,3.9633286732690203,4.7740452242498055,0.5996666666666641,3.6336666666666666,False,False,,False,119,False,False,False
01024,1,frame_difference,exploratory,Highway,Bright,Clear,17.633,20.667,1.7825162143670823,40.3,30.0,ok,134,17.366666666666667,2.814162376484375,1.9476162731898057,1.233134632798625,0.266333333333332,3.3003333333333345,True,True,,True,119,True,True,True
01031,1,v0_original,exploratory,Industrial,Normal,Cloudy,9.067,9.633,6.7908898322413265,18.0,30.0,ok,134,8.366666666666667,0.564741229737542,0.1861025890968857,0.4267744801187684,0.700333333333333,1.266333333333332,False,False,,False,119,False,False,False
01031,1,raw_flow_no_blob,exploratory,Industrial,Normal,Cloudy,9.067,9.633,6.825930914454727,18.0,30.0,ok,134,8.5,0.6503071736831861,0.31835186915934516,0.5506681999977472,0.5670000000000002,1.1329999999999991,False,False,,False,119,False,False,False
01031,1,affine_residual_no_blob,exploratory,Industrial,Normal,Cloudy,9.067,9.633,6.895384484978015,18.0,30.0,ok,134,9.566666666666666,0.18335970029252363,-0.1961731348296579,0.18335970029252363,-0.49966666666666626,0.06633333333333269,False,False,,False,119,False,False,False
01031,1,frame_difference,exploratory,Industrial,Normal,Cloudy,9.067,9.633,1.7825162143670823,18.0,30.0,ok,134,9.433333333333334,0.327649728628782,0.235542100730544,0.2941526142286695,-0.3663333333333334,0.19966666666666555,False,False,,False,119,False,False,False
01033,1,v0_original,exploratory,Sub-urban,Normal,Cloudy,18.451,20.181,6.7908898322413265,39.73856209150327,30.6,ok,134,13.856209150326796,5.730450313406877,0.8784691355885152,1.9065182312735716,4.594790849673204,6.324790849673205,False,False,,False,119,False,False,False
01033,1,raw_flow_no_blob,exploratory,Sub-urban,Normal,Cloudy,18.451,20.181,6.825930914454727,39.73856209150327,30.6,ok,134,13.856209150326796,5.784635498166984,0.878369353689362,1.8990133576046913,4.594790849673204,6.324790849673205,False,False,,False,119,False,False,False
01033,1,affine_residual_no_blob,exploratory,Sub-urban,Normal,Cloudy,18.451,20.181,6.895384484978015,39.73856209150327,30.6,ok,134,13.856209150326796,6.123174288585812,0.5489031448341448,1.260563535797984,4.594790849673204,6.324790849673205,False,False,,False,119,False,False,False
01033,1,frame_difference,exploratory,Sub-urban,Normal,Cloudy,18.451,20.181,1.7825162143670823,39.73856209150327,30.6,ok,134,13.790849673202613,3.0676100146470886,0.0005586405289956559,0.628859183120133,4.660150326797387,6.390150326797388,False,True,,True,119,True,True,True
01062,0,v0_original,exploratory,Highway,Bright,Clear,,,6.7908898322413265,40.5,30.0,ok,134,18.433333333333334,0.2262674122417156,,,,,,,False,False,134,,,
01062,0,raw_flow_no_blob,exploratory,Highway,Bright,Clear,,,6.825930914454727,40.5,30.0,ok,134,18.433333333333334,0.36007880768811124,,,,,,,False,False,134,,,
01062,0,affine_residual_no_blob,exploratory,Highway,Bright,Clear,,,6.895384484978015,40.5,30.0,ok,134,18.433333333333334,0.4126216098309665,,,,,,,False,False,134,,,
01062,0,frame_difference,exploratory,Highway,Bright,Clear,,,1.7825162143670823,40.5,30.0,ok,134,18.366666666666667,0.2079753298919909,,,,,,,False,False,134,,,
01075,0,v0_original,exploratory,Urban,Twilight,Rain,,,6.7908898322413265,40.36666666666667,30.0,ok,134,18.433333333333334,4.910386429022816,,,,,,,False,False,134,,,
01075,0,raw_flow_no_blob,exploratory,Urban,Twilight,Rain,,,6.825930914454727,40.36666666666667,30.0,ok,134,18.433333333333334,4.924018763326557,,,,,,,False,False,134,,,
01075,0,affine_residual_no_blob,exploratory,Urban,Twilight,Rain,,,6.895384484978015,40.36666666666667,30.0,ok,134,18.433333333333334,4.593420273470484,,,,,,,False,False,134,,,
01075,0,frame_difference,exploratory,Urban,Twilight,Rain,,,1.7825162143670823,40.36666666666667,30.0,ok,134,18.366666666666667,1.1073927730095274,,,,,,,False,False,134,,,
01088,0,v0_original,validation,Sub-urban,Twilight,Clear,,,6.7908898322413265,39.9,30.0,ok,134,18.8,1.9500645198014106,,,,,,,False,False,134,,,
01088,0,raw_flow_no_blob,validation,Sub-urban,Twilight,Clear,,,6.825930914454727,39.9,30.0,ok,134,18.8,2.083401988144842,,,,,,,False,False,134,,,
01088,0,affine_residual_no_blob,validation,Sub-urban,Twilight,Clear,,,6.895384484978015,39.9,30.0,ok,134,16.4,1.7443488993640144,,,,,,,False,False,134,,,
01088,0,frame_difference,validation,Sub-urban,Twilight,Clear,,,1.7825162143670823,39.9,30.0,ok,134,16.6,0.6686817916822514,,,,,,,False,False,134,,,
01116,0,v0_original,validation,Urban,Bright,Clear,,,6.7908898322413265,39.166666666666664,30.0,ok,134,17.7,5.621295040080723,,,,,,,False,False,134,,,
01116,0,raw_flow_no_blob,validation,Urban,Bright,Clear,,,6.825930914454727,39.166666666666664,30.0,ok,134,15.166666666666666,5.020649941577756,,,,,,,False,False,134,,,
01116,0,affine_residual_no_blob,validation,Urban,Bright,Clear,,,6.895384484978015,39.166666666666664,30.0,ok,134,15.166666666666666,5.388948686313896,,,,,,,False,False,134,,,
01116,0,frame_difference,validation,Urban,Bright,Clear,,,1.7825162143670823,39.166666666666664,30.0,ok,134,15.7,6.9886570864841335,,,,,,,True,True,134,,,
01121,0,v0_original,validation,Sub-urban,Dark,Clear,,,6.7908898322413265,40.56666666666667,30.0,ok,134,20.4,3.598620388217546,,,,,,,False,False,134,,,
01121,0,raw_flow_no_blob,validation,Sub-urban,Dark,Clear,,,6.825930914454727,40.56666666666667,30.0,ok,134,20.4,3.729415688245836,,,,,,,False,False,134,,,
01121,0,affine_residual_no_blob,validation,Sub-urban,Dark,Clear,,,6.895384484978015,40.56666666666667,30.0,ok,134,20.4,3.982457215699825,,,,,,,False,False,134,,,
01121,0,frame_difference,validation,Sub-urban,Dark,Clear,,,1.7825162143670823,40.56666666666667,30.0,ok,134,20.666666666666668,1.3511085428374483,,,,,,,False,False,134,,,
01177,0,v0_original,exploratory,Sub-urban,Twilight,Cloudy,,,6.7908898322413265,40.19607843137255,30.6,ok,134,18.823529411764707,3.7496103993096304,,,,,,,False,False,134,,,
01177,0,raw_flow_no_blob,exploratory,Sub-urban,Twilight,Cloudy,,,6.825930914454727,40.19607843137255,30.6,ok,134,18.823529411764707,3.8234005647749747,,,,,,,False,False,134,,,
01177,0,affine_residual_no_blob,exploratory,Sub-urban,Twilight,Cloudy,,,6.895384484978015,40.19607843137255,30.6,ok,134,18.823529411764707,3.412706879803878,,,,,,,False,False,134,,,
01177,0,frame_difference,exploratory,Sub-urban,Twilight,Cloudy,,,1.7825162143670823,40.19607843137255,30.6,ok,134,18.88888888888889,0.6499960445308273,,,,,,,False,False,134,,,
01209,0,v0_original,exploratory,Highway,Normal,Clear,,,6.7908898322413265,18.0,30.0,ok,135,9.833333333333334,0.9353156021508311,,,,,,,False,False,135,,,
01209,0,raw_flow_no_blob,exploratory,Highway,Normal,Clear,,,6.825930914454727,18.0,30.0,ok,135,10.766666666666667,0.07723190614545435,,,,,,,False,False,135,,,
01209,0,affine_residual_no_blob,exploratory,Highway,Normal,Clear,,,6.895384484978015,18.0,30.0,ok,135,10.766666666666667,0.2325308722596402,,,,,,,False,False,135,,,
01209,0,frame_difference,exploratory,Highway,Normal,Clear,,,1.7825162143670823,18.0,30.0,ok,135,8.5,1.2112787435110306,,,,,,,False,False,135,,,
01210,0,v0_original,exploratory,Rural,Normal,Cloudy,,,6.7908898322413265,18.0,30.0,ok,135,7.3,0.8817247441420242,,,,,,,False,False,135,,,
01210,0,raw_flow_no_blob,exploratory,Rural,Normal,Cloudy,,,6.825930914454727,18.0,30.0,ok,135,7.3,0.9837332584903002,,,,,,,False,False,135,,,
01210,0,affine_residual_no_blob,exploratory,Rural,Normal,Cloudy,,,6.895384484978015,18.0,30.0,ok,135,5.166666666666667,0.7840445310495217,,,,,,,False,False,135,,,
01210,0,frame_difference,exploratory,Rural,Normal,Cloudy,,,1.7825162143670823,18.0,30.0,ok,135,4.766666666666667,0.19586867316095655,,,,,,,False,False,135,,,
01213,0,v0_original,exploratory,Industrial,Twilight,Clear,,,6.7908898322413265,18.0,30.0,ok,135,11.033333333333333,-0.9234105344047379,,,,,,,False,False,135,,,
01213,0,raw_flow_no_blob,exploratory,Industrial,Twilight,Clear,,,6.825930914454727,18.0,30.0,ok,135,11.1,-1.7495015440857844,,,,,,,False,False,135,,,
01213,0,affine_residual_no_blob,exploratory,Industrial,Twilight,Clear,,,6.895384484978015,18.0,30.0,ok,135,11.1,-1.668935137239684,,,,,,,False,False,135,,,
01213,0,frame_difference,exploratory,Industrial,Twilight,Clear,,,1.7825162143670823,18.0,30.0,ok,135,11.1,-0.40767308643368216,,,,,,,False,False,135,,,
01217,0,v0_original,exploratory,Industrial,Normal,Cloudy,,,6.7908898322413265,18.0,30.0,ok,135,10.1,0.1768959525527367,,,,,,,False,False,135,,,
01217,0,raw_flow_no_blob,exploratory,Industrial,Normal,Cloudy,,,6.825930914454727,18.0,30.0,ok,135,9.966666666666667,-1.3725958906655469,,,,,,,False,False,135,,,
01217,0,affine_residual_no_blob,exploratory,Industrial,Normal,Cloudy,,,6.895384484978015,18.0,30.0,ok,135,9.966666666666667,-1.457842084853385,,,,,,,False,False,135,,,
01217,0,frame_difference,exploratory,Industrial,Normal,Cloudy,,,1.7825162143670823,18.0,30.0,ok,135,9.966666666666667,-0.2238290834914669,,,,,,,False,False,135,,,
01229,0,v0_original,exploratory,Other,Normal,Clear,,,6.7908898322413265,45.03333333333333,30.0,ok,134,21.033333333333335,5.800429364104792,,,,,,,False,False,134,,,
01229,0,raw_flow_no_blob,exploratory,Other,Normal,Clear,,,6.825930914454727,45.03333333333333,30.0,ok,134,21.033333333333335,5.781546571095885,,,,,,,False,False,134,,,
01229,0,affine_residual_no_blob,exploratory,Other,Normal,Clear,,,6.895384484978015,45.03333333333333,30.0,ok,134,21.033333333333335,5.8873407762024215,,,,,,,False,False,134,,,
01229,0,frame_difference,exploratory,Other,Normal,Clear,,,1.7825162143670823,45.03333333333333,30.0,ok,134,21.033333333333335,0.892908169698154,,,,,,,False,False,134,,,
01240,0,v0_original,exploratory,Highway,Normal,Clear,,,6.7908898322413265,18.0,30.0,ok,135,11.366666666666667,1.7877549946766962,,,,,,,False,False,135,,,
01240,0,raw_flow_no_blob,exploratory,Highway,Normal,Clear,,,6.825930914454727,18.0,30.0,ok,135,11.366666666666667,1.775082902565507,,,,,,,False,False,135,,,
01240,0,affine_residual_no_blob,exploratory,Highway,Normal,Clear,,,6.895384484978015,18.0,30.0,ok,135,11.366666666666667,1.7016290706080308,,,,,,,False,False,135,,,
01240,0,frame_difference,exploratory,Highway,Normal,Clear,,,1.7825162143670823,18.0,30.0,ok,135,11.433333333333334,0.015040116774991077,,,,,,,False,False,135,,,
01242,0,v0_original,exploratory,Sub-urban,Normal,Cloudy,,,6.7908898322413265,40.166666666666664,30.0,ok,134,21.733333333333334,7.181186339091808,,,,,,,True,True,134,,,
01242,0,raw_flow_no_blob,exploratory,Sub-urban,Normal,Cloudy,,,6.825930914454727,40.166666666666664,30.0,ok,134,21.733333333333334,7.126421129704358,,,,,,,True,True,134,,,
01242,0,affine_residual_no_blob,exploratory,Sub-urban,Normal,Cloudy,,,6.895384484978015,40.166666666666664,30.0,ok,134,21.733333333333334,7.595190069733514,,,,,,,True,True,134,,,
01242,0,frame_difference,exploratory,Sub-urban,Normal,Cloudy,,,1.7825162143670823,40.166666666666664,30.0,ok,134,20.533333333333335,2.433366587458919,,,,,,,True,True,134,,,
01250,0,v0_original,exploratory,Urban,Normal,Cloudy,,,6.7908898322413265,40.19607843137255,30.6,ok,134,15.751633986928104,9.986769295672195,,,,,,,True,True,134,,,
01250,0,raw_flow_no_blob,exploratory,Urban,Normal,Cloudy,,,6.825930914454727,40.19607843137255,30.6,ok,134,15.751633986928104,10.130291717914595,,,,,,,True,True,134,,,
01250,0,affine_residual_no_blob,exploratory,Urban,Normal,Cloudy,,,6.895384484978015,40.19607843137255,30.6,ok,134,15.751633986928104,10.751140543572337,,,,,,,True,True,134,,,
01250,0,frame_difference,exploratory,Urban,Normal,Cloudy,,,1.7825162143670823,40.19607843137255,30.6,ok,134,18.49673202614379,2.2838012020865017,,,,,,,True,True,134,,,
01260,0,v0_original,exploratory,Highway,Dark,Clear,,,6.7908898322413265,18.0,30.0,ok,135,5.566666666666666,-0.030817343858021866,,,,,,,False,False,135,,,
01260,0,raw_flow_no_blob,exploratory,Highway,Dark,Clear,,,6.825930914454727,18.0,30.0,ok,135,5.566666666666666,0.040462893121290554,,,,,,,False,False,135,,,
01260,0,affine_residual_no_blob,exploratory,Highway,Dark,Clear,,,6.895384484978015,18.0,30.0,ok,135,5.566666666666666,0.2002612175344009,,,,,,,False,False,135,,,
01260,0,frame_difference,exploratory,Highway,Dark,Clear,,,1.7825162143670823,18.0,30.0,ok,135,5.433333333333334,-0.17166510672935853,,,,,,,False,False,135,,,
01268,0,v0_original,exploratory,Highway,Dark,Clear,,,6.7908898322413265,40.1,30.0,ok,134,17.9,0.6934278637821865,,,,,,,False,False,134,,,
01268,0,raw_flow_no_blob,exploratory,Highway,Dark,Clear,,,6.825930914454727,40.1,30.0,ok,134,17.9,0.7790394081064198,,,,,,,False,False,134,,,
01268,0,affine_residual_no_blob,exploratory,Highway,Dark,Clear,,,6.895384484978015,40.1,30.0,ok,134,17.9,0.9638081265048086,,,,,,,False,False,134,,,
01268,0,frame_difference,exploratory,Highway,Dark,Clear,,,1.7825162143670823,40.1,30.0,ok,134,21.633333333333333,-0.04516868293980708,,,,,,,False,False,134,,,
01318,0,v0_original,exploratory,Industrial,Normal,Cloudy,,,6.7908898322413265,19.0,30.0,ok,135,10.0,-1.061241726611055,,,,,,,False,False,135,,,
01318,0,raw_flow_no_blob,exploratory,Industrial,Normal,Cloudy,,,6.825930914454727,19.0,30.0,ok,135,10.0,-0.9176524784665939,,,,,,,False,False,135,,,
01318,0,affine_residual_no_blob,exploratory,Industrial,Normal,Cloudy,,,6.895384484978015,19.0,30.0,ok,135,10.0,-0.8581005137549315,,,,,,,False,False,135,,,
01318,0,frame_difference,exploratory,Industrial,Normal,Cloudy,,,1.7825162143670823,19.0,30.0,ok,135,10.0,-0.08689383788849514,,,,,,,False,False,135,,,
01365,0,v0_original,exploratory,Highway,Twilight,Cloudy,,,6.7908898322413265,40.26229508196721,30.5,ok,134,16.19672131147541,-0.8300606629743786,,,,,,,False,False,134,,,
01365,0,raw_flow_no_blob,exploratory,Highway,Twilight,Cloudy,,,6.825930914454727,40.26229508196721,30.5,ok,134,24.19672131147541,-0.8916586185880496,,,,,,,False,False,134,,,
01365,0,affine_residual_no_blob,exploratory,Highway,Twilight,Cloudy,,,6.895384484978015,40.26229508196721,30.5,ok,134,24.19672131147541,-0.785080577438285,,,,,,,False,False,134,,,
01365,0,frame_difference,exploratory,Highway,Twilight,Cloudy,,,1.7825162143670823,40.26229508196721,30.5,ok,134,22.327868852459016,0.10495542022290233,,,,,,,False,False,134,,,
01366,0,v0_original,validation,Other,Normal,Clear,,,6.7908898322413265,19.0,30.0,ok,135,10.4,-1.3015302209608353,,,,,,,False,False,135,,,
01366,0,raw_flow_no_blob,validation,Other,Normal,Clear,,,6.825930914454727,19.0,30.0,ok,135,10.266666666666667,-1.9665309317255586,,,,,,,False,False,135,,,
01366,0,affine_residual_no_blob,validation,Other,Normal,Clear,,,6.895384484978015,19.0,30.0,ok,135,10.266666666666667,-1.8775027800080977,,,,,,,False,False,135,,,
01366,0,frame_difference,validation,Other,Normal,Clear,,,1.7825162143670823,19.0,30.0,ok,135,10.0,-0.4451821855665299,,,,,,,False,False,135,,,
01399,0,v0_original,exploratory,Highway,Normal,Clear,,,6.7908898322413265,40.63333333333333,30.0,ok,134,18.3,1.6649631064164003,,,,,,,False,False,134,,,
01399,0,raw_flow_no_blob,exploratory,Highway,Normal,Clear,,,6.825930914454727,40.63333333333333,30.0,ok,134,18.3,1.7933997464568243,,,,,,,False,False,134,,,
01399,0,affine_residual_no_blob,exploratory,Highway,Normal,Clear,,,6.895384484978015,40.63333333333333,30.0,ok,134,18.3,2.029038822975254,,,,,,,False,False,134,,,
01399,0,frame_difference,exploratory,Highway,Normal,Clear,,,1.7825162143670823,40.63333333333333,30.0,ok,134,22.166666666666668,0.5670199567355182,,,,,,,False,False,134,,,
01408,0,v0_original,validation,Highway,Dark,Clear,,,6.7908898322413265,40.13333333333333,30.0,ok,135,23.033333333333335,1.7460356652118192,,,,,,,False,False,135,,,
01408,0,raw_flow_no_blob,validation,Highway,Dark,Clear,,,6.825930914454727,40.13333333333333,30.0,ok,135,23.033333333333335,1.8111244371817246,,,,,,,False,False,135,,,
01408,0,affine_residual_no_blob,validation,Highway,Dark,Clear,,,6.895384484978015,40.13333333333333,30.0,ok,135,22.966666666666665,1.8863660246053637,,,,,,,False,False,135,,,
01408,0,frame_difference,validation,Highway,Dark,Clear,,,1.7825162143670823,40.13333333333333,30.0,ok,135,23.033333333333335,0.9506024856091475,,,,,,,False,False,135,,,
01429,0,v0_original,exploratory,Urban,Normal,Rain,,,6.7908898322413265,40.13333333333333,30.0,ok,135,21.1,7.946128415864763,,,,,,,True,True,135,,,
01429,0,raw_flow_no_blob,exploratory,Urban,Normal,Rain,,,6.825930914454727,40.13333333333333,30.0,ok,135,21.1,7.683516580833593,,,,,,,True,True,135,,,
01429,0,affine_residual_no_blob,exploratory,Urban,Normal,Rain,,,6.895384484978015,40.13333333333333,30.0,ok,135,21.1,7.999181775188502,,,,,,,True,True,135,,,
01429,0,frame_difference,exploratory,Urban,Normal,Rain,,,1.7825162143670823,40.13333333333333,30.0,ok,135,20.7,6.056197841906493,,,,,,,True,True,135,,,
01448,0,v0_original,exploratory,Sub-urban,Twilight,Cloudy,,,6.7908898322413265,19.0,30.0,ok,135,11.266666666666667,5.356115752005568,,,,,,,False,False,135,,,
01448,0,raw_flow_no_blob,exploratory,Sub-urban,Twilight,Cloudy,,,6.825930914454727,19.0,30.0,ok,135,11.266666666666667,5.456113784686463,,,,,,,False,False,135,,,
01448,0,affine_residual_no_blob,exploratory,Sub-urban,Twilight,Cloudy,,,6.895384484978015,19.0,30.0,ok,135,11.266666666666667,5.8504959342994205,,,,,,,False,False,135,,,
01448,0,frame_difference,exploratory,Sub-urban,Twilight,Cloudy,,,1.7825162143670823,19.0,30.0,ok,135,11.333333333333334,1.884149946250763,,,,,,,True,True,135,,,
01459,0,v0_original,validation,Highway,Dark,Clear,,,6.7908898322413265,40.06535947712418,30.6,ok,134,19.15032679738562,-0.930950067280495,,,,,,,False,False,134,,,
01459,0,raw_flow_no_blob,validation,Highway,Dark,Clear,,,6.825930914454727,40.06535947712418,30.6,ok,134,17.81045751633987,-1.3049549360050372,,,,,,,False,False,134,,,
01459,0,affine_residual_no_blob,validation,Highway,Dark,Clear,,,6.895384484978015,40.06535947712418,30.6,ok,134,17.81045751633987,-1.2059410429225719,,,,,,,False,False,134,,,
01459,0,frame_difference,validation,Highway,Dark,Clear,,,1.7825162143670823,40.06535947712418,30.6,ok,134,18.00653594771242,-0.4179035269720205,,,,,,,False,False,134,,,
01503,0,v0_original,validation,Sub-urban,Normal,Cloudy,,,6.7908898322413265,40.03333333333333,30.0,ok,134,20.533333333333335,7.167191582480759,,,,,,,True,True,134,,,
01503,0,raw_flow_no_blob,validation,Sub-urban,Normal,Cloudy,,,6.825930914454727,40.03333333333333,30.0,ok,134,20.533333333333335,7.060715455665884,,,,,,,True,True,134,,,
01503,0,affine_residual_no_blob,validation,Sub-urban,Normal,Cloudy,,,6.895384484978015,40.03333333333333,30.0,ok,134,20.533333333333335,7.520973247623521,,,,,,,True,True,134,,,
01503,0,frame_difference,validation,Sub-urban,Normal,Cloudy,,,1.7825162143670823,40.03333333333333,30.0,ok,134,20.333333333333332,1.7825162143670823,,,,,,,False,False,134,,,
01510,0,v0_original,exploratory,Rural,Normal,Cloudy,,,6.7908898322413265,40.09803921568627,30.6,ok,134,23.169934640522875,10.85273842312411,,,,,,,True,True,134,,,
01510,0,raw_flow_no_blob,exploratory,Rural,Normal,Cloudy,,,6.825930914454727,40.09803921568627,30.6,ok,134,23.169934640522875,10.797741977491828,,,,,,,True,True,134,,,
01510,0,affine_residual_no_blob,exploratory,Rural,Normal,Cloudy,,,6.895384484978015,40.09803921568627,30.6,ok,134,23.169934640522875,11.437699599557028,,,,,,,True,True,134,,,
01510,0,frame_difference,exploratory,Rural,Normal,Cloudy,,,1.7825162143670823,40.09803921568627,30.6,ok,134,16.176470588235293,4.280637355295326,,,,,,,True,True,134,,,
01530,0,v0_original,validation,Sub-urban,Twilight,Clear,,,6.7908898322413265,40.602006688963215,29.9,ok,134,19.632107023411372,1.5810493786781956,,,,,,,False,False,134,,,
01530,0,raw_flow_no_blob,validation,Sub-urban,Twilight,Clear,,,6.825930914454727,40.602006688963215,29.9,ok,134,19.632107023411372,1.3573603461752097,,,,,,,False,False,134,,,
01530,0,affine_residual_no_blob,validation,Sub-urban,Twilight,Clear,,,6.895384484978015,40.602006688963215,29.9,ok,134,19.632107023411372,1.4112829452304756,,,,,,,False,False,134,,,
01530,0,frame_difference,validation,Sub-urban,Twilight,Clear,,,1.7825162143670823,40.602006688963215,29.9,ok,134,19.632107023411372,0.12832915445703386,,,,,,,False,False,134,,,
01538,0,v0_original,exploratory,Sub-urban,Normal,Clear,,,6.7908898322413265,40.557377049180324,30.5,ok,134,23.737704918032787,15.6748864737522,,,,,,,True,True,134,,,
01538,0,raw_flow_no_blob,exploratory,Sub-urban,Normal,Clear,,,6.825930914454727,40.557377049180324,30.5,ok,134,23.737704918032787,15.690868384272612,,,,,,,True,True,134,,,
01538,0,affine_residual_no_blob,exploratory,Sub-urban,Normal,Clear,,,6.895384484978015,40.557377049180324,30.5,ok,134,23.737704918032787,16.527083243637417,,,,,,,True,True,134,,,
01538,0,frame_difference,exploratory,Sub-urban,Normal,Clear,,,1.7825162143670823,40.557377049180324,30.5,ok,134,23.475409836065573,6.998348426104638,,,,,,,True,True,134,,,
01593,0,v0_original,exploratory,Highway,Twilight,Cloudy,,,6.7908898322413265,18.0,30.0,ok,135,9.9,4.3626380917382495,,,,,,,False,False,135,,,
01593,0,raw_flow_no_blob,exploratory,Highway,Twilight,Cloudy,,,6.825930914454727,18.0,30.0,ok,135,9.9,4.278435895167909,,,,,,,False,False,135,,,
01593,0,affine_residual_no_blob,exploratory,Highway,Twilight,Cloudy,,,6.895384484978015,18.0,30.0,ok,135,9.9,4.489180188855956,,,,,,,False,False,135,,,
01593,0,frame_difference,exploratory,Highway,Twilight,Cloudy,,,1.7825162143670823,18.0,30.0,ok,135,8.233333333333333,0.2383145800650262,,,,,,,False,False,135,,,
01606,0,v0_original,exploratory,Rural,Normal,Clear,,,6.7908898322413265,18.0,30.0,ok,135,9.3,-1.016779119205057,,,,,,,False,False,135,,,
01606,0,raw_flow_no_blob,exploratory,Rural,Normal,Clear,,,6.825930914454727,18.0,30.0,ok,135,4.833333333333333,-1.4181573757037618,,,,,,,False,False,135,,,
01606,0,affine_residual_no_blob,exploratory,Rural,Normal,Clear,,,6.895384484978015,18.0,30.0,ok,135,4.833333333333333,-1.3191293166591262,,,,,,,False,False,135,,,
01606,0,frame_difference,exploratory,Rural,Normal,Clear,,,1.7825162143670823,18.0,30.0,ok,135,13.433333333333334,-0.35768585620862087,,,,,,,False,False,135,,,
01618,0,v0_original,exploratory,Highway,Twilight,Clear,,,6.7908898322413265,18.0,30.0,ok,135,4.566666666666666,0.2098697268927723,,,,,,,False,False,135,,,
01618,0,raw_flow_no_blob,exploratory,Highway,Twilight,Clear,,,6.825930914454727,18.0,30.0,ok,135,4.566666666666666,0.3534591443954377,,,,,,,False,False,135,,,
01618,0,affine_residual_no_blob,exploratory,Highway,Twilight,Clear,,,6.895384484978015,18.0,30.0,ok,135,4.566666666666666,0.523800447802272,,,,,,,False,False,135,,,
01618,0,frame_difference,exploratory,Highway,Twilight,Clear,,,1.7825162143670823,18.0,30.0,ok,135,4.566666666666666,-0.038680180521112544,,,,,,,False,False,135,,,
01632,0,v0_original,exploratory,Sub-urban,Normal,Clear,,,6.7908898322413265,40.53333333333333,30.0,ok,135,18.033333333333335,6.861440846543328,,,,,,,True,True,135,,,
01632,0,raw_flow_no_blob,exploratory,Sub-urban,Normal,Clear,,,6.825930914454727,40.53333333333333,30.0,ok,135,18.033333333333335,6.877655455294068,,,,,,,True,True,135,,,
01632,0,affine_residual_no_blob,exploratory,Sub-urban,Normal,Clear,,,6.895384484978015,40.53333333333333,30.0,ok,135,18.033333333333335,7.30734510924686,,,,,,,True,True,135,,,
01632,0,frame_difference,exploratory,Sub-urban,Normal,Clear,,,1.7825162143670823,40.53333333333333,30.0,ok,135,18.566666666666666,1.5995136688357992,,,,,,,False,False,135,,,
01640,0,v0_original,exploratory,Highway,Twilight,Clear,,,6.7908898322413265,40.2,30.0,ok,135,18.533333333333335,2.9700795368025217,,,,,,,False,False,135,,,
01640,0,raw_flow_no_blob,exploratory,Highway,Twilight,Clear,,,6.825930914454727,40.2,30.0,ok,135,18.666666666666668,3.06214106731056,,,,,,,False,False,135,,,
01640,0,affine_residual_no_blob,exploratory,Highway,Twilight,Clear,,,6.895384484978015,40.2,30.0,ok,135,18.533333333333335,3.3095817312853253,,,,,,,False,False,135,,,
01640,0,frame_difference,exploratory,Highway,Twilight,Clear,,,1.7825162143670823,40.2,30.0,ok,135,16.133333333333333,0.8867811164294412,,,,,,,False,False,135,,,
01663,0,v0_original,exploratory,Urban,Dark,Clear,,,6.7908898322413265,40.6,30.0,ok,135,16.533333333333335,5.062380972402264,,,,,,,False,False,135,,,
01663,0,raw_flow_no_blob,exploratory,Urban,Dark,Clear,,,6.825930914454727,40.6,30.0,ok,135,16.533333333333335,5.121450299244026,,,,,,,False,False,135,,,
01663,0,affine_residual_no_blob,exploratory,Urban,Dark,Clear,,,6.895384484978015,40.6,30.0,ok,135,16.666666666666668,5.172096183391171,,,,,,,False,False,135,,,
01663,0,frame_difference,exploratory,Urban,Dark,Clear,,,1.7825162143670823,40.6,30.0,ok,135,16.733333333333334,0.6625102757336196,,,,,,,False,False,135,,,
01705,0,v0_original,validation,Sub-urban,Dark,Clear,,,6.7908898322413265,40.13333333333333,30.0,ok,135,16.966666666666665,6.7908898322413265,,,,,,,False,False,135,,,
01705,0,raw_flow_no_blob,validation,Sub-urban,Dark,Clear,,,6.825930914454727,40.13333333333333,30.0,ok,135,16.966666666666665,6.825930914454727,,,,,,,False,False,135,,,
01705,0,affine_residual_no_blob,validation,Sub-urban,Dark,Clear,,,6.895384484978015,40.13333333333333,30.0,ok,135,16.966666666666665,6.895384484978015,,,,,,,False,False,135,,,
01705,0,frame_difference,validation,Sub-urban,Dark,Clear,,,1.7825162143670823,40.13333333333333,30.0,ok,135,16.966666666666665,0.8492592894991626,,,,,,,False,False,135,,,
01711,0,v0_original,exploratory,Urban,Dark,Clear,,,6.7908898322413265,40.23411371237459,29.9,ok,134,21.906354515050168,7.890329194156961,,,,,,,True,True,134,,,
01711,0,raw_flow_no_blob,exploratory,Urban,Dark,Clear,,,6.825930914454727,40.23411371237459,29.9,ok,134,17.357859531772576,3.080237371149644,,,,,,,False,False,134,,,
01711,0,affine_residual_no_blob,exploratory,Urban,Dark,Clear,,,6.895384484978015,40.23411371237459,29.9,ok,134,17.157190635451506,3.2280687152480168,,,,,,,False,False,134,,,
01711,0,frame_difference,exploratory,Urban,Dark,Clear,,,1.7825162143670823,40.23411371237459,29.9,ok,134,17.090301003344482,0.6659349318979989,,,,,,,False,False,134,,,
01754,0,v0_original,validation,Urban,Normal,Clear,,,6.7908898322413265,39.7,30.0,ok,134,19.1,1.7668908714188316,,,,,,,False,False,134,,,
01754,0,raw_flow_no_blob,validation,Urban,Normal,Clear,,,6.825930914454727,39.7,30.0,ok,134,18.9,0.4724849851793995,,,,,,,False,False,134,,,
01754,0,affine_residual_no_blob,validation,Urban,Normal,Clear,,,6.895384484978015,39.7,30.0,ok,134,16.3,0.3350138236478406,,,,,,,False,False,134,,,
01754,0,frame_difference,validation,Urban,Normal,Clear,,,1.7825162143670823,39.7,30.0,ok,134,18.966666666666665,0.43534362448663166,,,,,,,False,False,134,,,
01812,0,v0_original,exploratory,Urban,Normal,Clear,,,6.7908898322413265,40.49180327868852,30.5,ok,134,17.311475409836067,4.7483100332494175,,,,,,,False,False,134,,,
01812,0,raw_flow_no_blob,exploratory,Urban,Normal,Clear,,,6.825930914454727,40.49180327868852,30.5,ok,134,17.311475409836067,4.857347757339341,,,,,,,False,False,134,,,
01812,0,affine_residual_no_blob,exploratory,Urban,Normal,Clear,,,6.895384484978015,40.49180327868852,30.5,ok,134,17.311475409836067,4.992621083151972,,,,,,,False,False,134,,,
01812,0,frame_difference,exploratory,Urban,Normal,Clear,,,1.7825162143670823,40.49180327868852,30.5,ok,134,17.57377049180328,1.735342124854248,,,,,,,False,False,134,,,
01878,0,v0_original,exploratory,Rural,Dark,Clear,,,6.7908898322413265,19.0,30.0,ok,135,12.266666666666667,0.5343667240590164,,,,,,,False,False,135,,,
01878,0,raw_flow_no_blob,exploratory,Rural,Dark,Clear,,,6.825930914454727,19.0,30.0,ok,135,12.333333333333334,0.569831250485991,,,,,,,False,False,135,,,
01878,0,affine_residual_no_blob,exploratory,Rural,Dark,Clear,,,6.895384484978015,19.0,30.0,ok,135,12.333333333333334,0.7483844398851058,,,,,,,False,False,135,,,
01878,0,frame_difference,exploratory,Rural,Dark,Clear,,,1.7825162143670823,19.0,30.0,ok,135,12.466666666666667,-0.28098093714638817,,,,,,,False,False,135,,,
01900,0,v0_original,exploratory,Urban,Twilight,Cloudy,,,6.7908898322413265,41.317567567567565,29.6,ok,134,19.966216216216214,5.364027352141066,,,,,,,False,False,134,,,
01900,0,raw_flow_no_blob,exploratory,Urban,Twilight,Cloudy,,,6.825930914454727,41.317567567567565,29.6,ok,134,19.966216216216214,5.4131550893502185,,,,,,,False,False,134,,,
01900,0,affine_residual_no_blob,exploratory,Urban,Twilight,Cloudy,,,6.895384484978015,41.317567567567565,29.6,ok,134,19.966216216216214,5.670452337435124,,,,,,,False,False,134,,,
01900,0,frame_difference,exploratory,Urban,Twilight,Cloudy,,,1.7825162143670823,41.317567567567565,29.6,ok,134,20.033783783783782,1.0433561627167476,,,,,,,False,False,134,,,
01912,0,v0_original,exploratory,Other,Normal,Cloudy,,,6.7908898322413265,18.0,30.0,ok,135,10.7,2.8300310117955805,,,,,,,False,False,135,,,
01912,0,raw_flow_no_blob,exploratory,Other,Normal,Cloudy,,,6.825930914454727,18.0,30.0,ok,135,10.7,2.9550657867575887,,,,,,,False,False,135,,,
01912,0,affine_residual_no_blob,exploratory,Other,Normal,Cloudy,,,6.895384484978015,18.0,30.0,ok,135,10.766666666666667,3.1021357615012164,,,,,,,False,False,135,,,
01912,0,frame_difference,exploratory,Other,Normal,Cloudy,,,1.7825162143670823,18.0,30.0,ok,135,10.7,0.9490505269218472,,,,,,,False,False,135,,,
01926,0,v0_original,exploratory,Industrial,Normal,Cloudy,,,6.7908898322413265,40.326797385620914,30.6,ok,134,16.143790849673202,-0.13460991017440194,,,,,,,False,False,134,,,
01926,0,raw_flow_no_blob,exploratory,Industrial,Normal,Cloudy,,,6.825930914454727,40.326797385620914,30.6,ok,134,16.209150326797385,-0.08252484665672605,,,,,,,False,False,134,,,
01926,0,affine_residual_no_blob,exploratory,Industrial,Normal,Cloudy,,,6.895384484978015,40.326797385620914,30.6,ok,134,16.209150326797385,-0.13267815830078772,,,,,,,False,False,134,,,
01926,0,frame_difference,exploratory,Industrial,Normal,Cloudy,,,1.7825162143670823,40.326797385620914,30.6,ok,134,16.143790849673202,0.015160378274133935,,,,,,,False,False,134,,,
01968,0,v0_original,exploratory,Highway,Bright,Clear,,,6.7908898322413265,18.0,30.0,ok,135,13.3,0.04629972638054003,,,,,,,False,False,135,,,
01968,0,raw_flow_no_blob,exploratory,Highway,Bright,Clear,,,6.825930914454727,18.0,30.0,ok,135,9.233333333333333,-1.2686950697635024,,,,,,,False,False,135,,,
01968,0,affine_residual_no_blob,exploratory,Highway,Bright,Clear,,,6.895384484978015,18.0,30.0,ok,135,9.233333333333333,-1.1645187249978954,,,,,,,False,False,135,,,
01968,0,frame_difference,exploratory,Highway,Bright,Clear,,,1.7825162143670823,18.0,30.0,ok,135,13.433333333333334,1.255647861971704,,,,,,,False,False,135,,,
01988,0,v0_original,exploratory,Sub-urban,Dark,Clear,,,6.7908898322413265,40.71895424836601,30.6,ok,134,22.091503267973856,0.07895533745366579,,,,,,,False,False,134,,,
01988,0,raw_flow_no_blob,exploratory,Sub-urban,Dark,Clear,,,6.825930914454727,40.71895424836601,30.6,ok,134,17.41830065359477,0.052124149013727895,,,,,,,False,False,134,,,
01988,0,affine_residual_no_blob,exploratory,Sub-urban,Dark,Clear,,,6.895384484978015,40.71895424836601,30.6,ok,134,17.41830065359477,0.20808234889835514,,,,,,,False,False,134,,,
01988,0,frame_difference,exploratory,Sub-urban,Dark,Clear,,,1.7825162143670823,40.71895424836601,30.6,ok,134,18.00653594771242,0.10700687783806091,,,,,,,False,False,134,,,
02019,0,v0_original,exploratory,Industrial,Normal,Cloudy,,,6.7908898322413265,18.0,30.0,ok,135,9.9,0.2398954897402037,,,,,,,False,False,135,,,
02019,0,raw_flow_no_blob,exploratory,Industrial,Normal,Cloudy,,,6.825930914454727,18.0,30.0,ok,135,10.1,-1.5130050472447518,,,,,,,False,False,135,,,
02019,0,affine_residual_no_blob,exploratory,Industrial,Normal,Cloudy,,,6.895384484978015,18.0,30.0,ok,135,10.1,-1.4379804826948352,,,,,,,False,False,135,,,
02019,0,frame_difference,exploratory,Industrial,Normal,Cloudy,,,1.7825162143670823,18.0,30.0,ok,135,10.1,-0.32123789365872973,,,,,,,False,False,135,,,
02024,0,v0_original,exploratory,Other,Normal,Unknown,,,6.7908898322413265,40.55555555555556,30.6,ok,134,18.464052287581698,5.892273033668366,,,,,,,False,False,134,,,
02024,0,raw_flow_no_blob,exploratory,Other,Normal,Unknown,,,6.825930914454727,40.55555555555556,30.6,ok,134,18.398692810457515,5.571012705472164,,,,,,,False,False,134,,,
02024,0,affine_residual_no_blob,exploratory,Other,Normal,Unknown,,,6.895384484978015,40.55555555555556,30.6,ok,134,18.398692810457515,5.453393463429183,,,,,,,False,False,134,,,
02024,0,frame_difference,exploratory,Other,Normal,Unknown,,,1.7825162143670823,40.55555555555556,30.6,ok,134,16.862745098039216,4.472302229802391,,,,,,,True,True,134,,,
02049,0,v0_original,exploratory,Sub-urban,Dark,Clear,,,6.7908898322413265,39.44915254237288,23.6,ok,134,17.245762711864405,0.528994901168384,,,,,,,False,False,134,,,
02049,0,raw_flow_no_blob,exploratory,Sub-urban,Dark,Clear,,,6.825930914454727,39.44915254237288,23.6,ok,134,17.33050847457627,0.5086341646465108,,,,,,,False,False,134,,,
02049,0,affine_residual_no_blob,exploratory,Sub-urban,Dark,Clear,,,6.895384484978015,39.44915254237288,23.6,ok,134,17.33050847457627,0.669273039425986,,,,,,,False,False,134,,,
02049,0,frame_difference,exploratory,Sub-urban,Dark,Clear,,,1.7825162143670823,39.44915254237288,23.6,ok,134,17.245762711864405,-0.07259052171869895,,,,,,,False,False,134,,,
02085,0,v0_original,exploratory,Highway,Normal,Cloudy,,,6.7908898322413265,40.06666666666667,30.0,ok,135,16.0,9.193307531659208,,,,,,,True,True,135,,,
02085,0,raw_flow_no_blob,exploratory,Highway,Normal,Cloudy,,,6.825930914454727,40.06666666666667,30.0,ok,135,16.0,9.335866787939398,,,,,,,True,True,135,,,
02085,0,affine_residual_no_blob,exploratory,Highway,Normal,Cloudy,,,6.895384484978015,40.06666666666667,30.0,ok,135,16.0,9.89044592304459,,,,,,,True,True,135,,,
02085,0,frame_difference,exploratory,Highway,Normal,Cloudy,,,1.7825162143670823,40.06666666666667,30.0,ok,135,15.866666666666667,2.4894648543449076,,,,,,,True,True,135,,,
02102,0,v0_original,exploratory,Urban,Twilight,Cloudy,,,6.7908898322413265,40.266666666666666,30.0,ok,135,17.5,1.5384019766163295,,,,,,,False,False,135,,,
02102,0,raw_flow_no_blob,exploratory,Urban,Twilight,Cloudy,,,6.825930914454727,40.266666666666666,30.0,ok,135,17.5,1.6020799202635825,,,,,,,False,False,135,,,
02102,0,affine_residual_no_blob,exploratory,Urban,Twilight,Cloudy,,,6.895384484978015,40.266666666666666,30.0,ok,135,17.5,1.441182856854861,,,,,,,False,False,135,,,
02102,0,frame_difference,exploratory,Urban,Twilight,Cloudy,,,1.7825162143670823,40.266666666666666,30.0,ok,135,17.433333333333334,0.21171185770563983,,,,,,,False,False,135,,,
02129,0,v0_original,exploratory,Urban,Twilight,Clear,,,6.7908898322413265,40.36666666666667,30.0,ok,134,17.833333333333332,4.342800162162703,,,,,,,False,False,134,,,
02129,0,raw_flow_no_blob,exploratory,Urban,Twilight,Clear,,,6.825930914454727,40.36666666666667,30.0,ok,134,17.833333333333332,4.4221214428814255,,,,,,,False,False,134,,,
02129,0,affine_residual_no_blob,exploratory,Urban,Twilight,Clear,,,6.895384484978015,40.36666666666667,30.0,ok,134,17.833333333333332,4.731333322687468,,,,,,,False,False,134,,,
02129,0,frame_difference,exploratory,Urban,Twilight,Clear,,,1.7825162143670823,40.36666666666667,30.0,ok,134,24.633333333333333,1.681253485691559,,,,,,,False,False,134,,,
00013,1,v0_original,confirmation,Sub-urban,Normal,Cloudy,18.6,20.567,6.7908898322413265,39.96666666666667,30.0,ok,134,17.933333333333334,13.236085150503254,10.101350927584766,4.590631165613268,0.6666666666666679,2.6336666666666666,True,True,,True,119,True,True,True
00013,1,raw_flow_no_blob,confirmation,Sub-urban,Normal,Cloudy,18.6,20.567,6.825930914454727,39.96666666666667,30.0,ok,134,17.933333333333334,13.270230634075194,10.22650351515687,4.71049563147558,0.6666666666666679,2.6336666666666666,True,True,,True,119,True,True,True
00013,1,affine_residual_no_blob,confirmation,Sub-urban,Normal,Cloudy,18.6,20.567,6.895384484978015,39.96666666666667,30.0,ok,134,17.933333333333334,14.028357915728748,10.848281653685914,4.103024057534468,0.6666666666666679,2.6336666666666666,True,True,,True,119,True,True,True
00013,1,frame_difference,confirmation,Sub-urban,Normal,Cloudy,18.6,20.567,1.7825162143670823,39.96666666666667,30.0,ok,134,15.8,3.441401160178776,2.733570812492972,1.6500051745047504,2.8000000000000007,4.7669999999999995,True,True,,True,119,True,True,True
00017,1,v0_original,confirmation,Highway,Normal,Clear,17.2,19.2,6.7908898322413265,40.333333333333336,30.0,ok,135,14.6,-0.603390145268542,-1.7014317350280002,-0.7765593544495477,2.5999999999999996,4.6,False,False,,False,119,False,False,False
00017,1,raw_flow_no_blob,confirmation,Highway,Normal,Clear,17.2,19.2,6.825930914454727,40.333333333333336,30.0,ok,135,19.133333333333333,-0.6985869507740945,-1.7855346569624944,-0.6985869507740945,-1.9333333333333336,0.06666666666666643,False,False,,False,119,False,False,False
00017,1,affine_residual_no_blob,confirmation,Highway,Normal,Clear,17.2,19.2,6.895384484978015,40.333333333333336,30.0,ok,135,19.133333333333333,-0.6583929323838323,-1.659116451573969,-0.6583929323838323,-1.9333333333333336,0.06666666666666643,False,False,,False,119,False,False,False
00017,1,frame_difference,confirmation,Highway,Normal,Clear,17.2,19.2,1.7825162143670823,40.333333333333336,30.0,ok,135,19.133333333333333,-0.12433651216903321,-0.5147417485641494,-0.12433651216903321,-1.9333333333333336,0.06666666666666643,False,False,,False,119,False,False,False
00064,1,v0_original,confirmation,Highway,Dark,Clear,7.567,8.167,6.7908898322413265,18.0,30.0,ok,134,3.1333333333333333,0.03788784010847496,-0.6868494462955826,-0.6966167317840973,4.433666666666667,5.033666666666667,False,False,,False,119,False,False,False
00064,1,raw_flow_no_blob,confirmation,Highway,Dark,Clear,7.567,8.167,6.825930914454727,18.0,30.0,ok,134,3.3333333333333335,-0.4565095145627335,-0.6506613822829862,-0.6265611758555131,4.233666666666666,4.833666666666666,False,False,,False,119,False,False,False
00064,1,affine_residual_no_blob,confirmation,Highway,Dark,Clear,7.567,8.167,6.895384484978015,18.0,30.0,ok,134,3.3333333333333335,-0.3223173867751612,-0.5598805711908549,-0.5988932076571587,4.233666666666666,4.833666666666666,False,False,,False,119,False,False,False
00064,1,frame_difference,confirmation,Highway,Dark,Clear,7.567,8.167,1.7825162143670823,18.0,30.0,ok,134,3.1333333333333333,-0.11519711781327921,-0.3423451439404879,-0.352885449905219,4.433666666666667,5.033666666666667,False,False,,False,119,False,False,False
00132,1,v0_original,confirmation,Urban,Normal,Clear,19.267,20.167,6.7908898322413265,41.733333333333334,30.0,ok,134,17.333333333333332,10.836750667421335,9.142705010418778,7.084980705175015,1.9336666666666673,2.8336666666666694,True,True,,True,119,True,True,True
00132,1,raw_flow_no_blob,confirmation,Urban,Normal,Clear,19.267,20.167,6.825930914454727,41.733333333333334,30.0,ok,134,17.466666666666665,10.921454427300183,9.170940236619233,6.9760470525262335,1.8003333333333345,2.7003333333333366,True,True,,True,119,True,True,True
00132,1,affine_residual_no_blob,confirmation,Urban,Normal,Clear,19.267,20.167,6.895384484978015,41.733333333333334,30.0,ok,134,17.466666666666665,11.572706343522352,9.738406984210206,7.438173105651141,1.8003333333333345,2.7003333333333366,True,True,,True,119,True,True,True
00132,1,frame_difference,confirmation,Urban,Normal,Clear,19.267,20.167,1.7825162143670823,41.733333333333334,30.0,ok,134,19.933333333333334,4.9976037413472,2.6650105275766656,3.6987073979225102,-0.6663333333333341,0.23366666666666802,True,True,,True,119,True,True,True
00147,1,v0_original,confirmation,Other,Normal,Clear,18.367,19.517,6.7908898322413265,44.06666666666667,30.0,ok,134,19.466666666666665,1.6776868313342872,0.3693708414833978,1.6776868313342872,-1.0996666666666641,0.05033333333333445,False,False,,False,119,False,False,False
00147,1,raw_flow_no_blob,confirmation,Other,Normal,Clear,18.367,19.517,6.825930914454727,44.06666666666667,30.0,ok,134,19.466666666666665,1.7350880821510286,0.43410171298669015,1.7350880821510286,-1.0996666666666641,0.05033333333333445,False,False,,False,119,False,False,False
00147,1,affine_residual_no_blob,confirmation,Other,Normal,Clear,18.367,19.517,6.895384484978015,44.06666666666667,30.0,ok,134,19.466666666666665,1.866582828814654,0.3127448551046152,1.866582828814654,-1.0996666666666641,0.05033333333333445,False,False,,False,119,False,False,False
00147,1,frame_difference,confirmation,Other,Normal,Clear,18.367,19.517,1.7825162143670823,44.06666666666667,30.0,ok,134,19.466666666666665,0.5201888879565694,0.005155923282470429,0.5201888879565694,-1.0996666666666641,0.05033333333333445,False,False,,False,119,False,False,False
00167,1,v0_original,confirmation,Urban,Normal,Rain,18.233,20.0,6.7908898322413265,40.333333333333336,30.0,ok,135,15.933333333333334,9.7559977570495,2.9566777091382415,-1.1043222155650656,2.299666666666667,4.066666666666666,False,True,,True,119,True,True,True
00167,1,raw_flow_no_blob,confirmation,Urban,Normal,Rain,18.233,20.0,6.825930914454727,40.333333333333336,30.0,ok,135,15.933333333333334,9.804996896164925,3.064227025646146,-1.0195169269270072,2.299666666666667,4.066666666666666,False,True,,True,119,True,True,True
00167,1,affine_residual_no_blob,confirmation,Urban,Normal,Rain,18.233,20.0,6.895384484978015,40.333333333333336,30.0,ok,135,15.933333333333334,10.405991284198047,0.6880746051138158,-1.1774847029334565,2.299666666666667,4.066666666666666,False,True,,True,119,True,True,True
00167,1,frame_difference,confirmation,Urban,Normal,Rain,18.233,20.0,1.7825162143670823,40.333333333333336,30.0,ok,135,15.933333333333334,3.718080462396858,1.3340183403820243,0.5587224253621212,2.299666666666667,4.066666666666666,True,True,,True,119,True,True,True
00217,1,v0_original,confirmation,Urban,Bright,Clear,18.967,19.9,6.7908898322413265,40.2,30.0,ok,135,19.833333333333332,-0.7503765164827867,-1.3538685901844356,-0.7503765164827867,-0.8663333333333334,0.06666666666666643,False,False,,False,119,False,False,False
00217,1,raw_flow_no_blob,confirmation,Urban,Bright,Clear,18.967,19.9,6.825930914454727,40.2,30.0,ok,135,19.833333333333332,-0.9146950344022251,-1.2566184984927178,-0.9146950344022251,-0.8663333333333334,0.06666666666666643,False,False,,False,119,False,False,False
00217,1,affine_residual_no_blob,confirmation,Urban,Bright,Clear,18.967,19.9,6.895384484978015,40.2,30.0,ok,135,19.833333333333332,-0.9108388490638543,-1.3304075292608986,-0.9108388490638543,-0.8663333333333334,0.06666666666666643,False,False,,False,119,False,False,False
00217,1,frame_difference,confirmation,Urban,Bright,Clear,18.967,19.9,1.7825162143670823,40.2,30.0,ok,135,19.833333333333332,-0.22770359067503923,-0.4639714213975277,-0.22770359067503923,-0.8663333333333334,0.06666666666666643,False,False,,False,119,False,False,False
00234,1,v0_original,confirmation,Highway,Dark,Clear,6.63,9.895,6.7908898322413265,19.0,30.0,ok,134,5.166666666666667,0.9934181805779123,-0.7395380480484964,-0.9851522632812186,1.463333333333333,4.728333333333333,False,False,,False,119,False,False,False
00234,1,raw_flow_no_blob,confirmation,Highway,Dark,Clear,6.63,9.895,6.825930914454727,19.0,30.0,ok,134,5.166666666666667,1.08719200529957,-0.61192268343505,-1.0284485027567682,1.463333333333333,4.728333333333333,False,False,,False,119,False,False,False
00234,1,affine_residual_no_blob,confirmation,Highway,Dark,Clear,6.63,9.895,6.895384484978015,19.0,30.0,ok,134,5.166666666666667,1.2984840054207745,-0.47887212778516697,-0.9204809130956022,1.463333333333333,4.728333333333333,False,False,,False,119,False,False,False
00234,1,frame_difference,confirmation,Highway,Dark,Clear,6.63,9.895,1.7825162143670823,19.0,30.0,ok,134,6.233333333333333,-0.11547265502384195,-0.30428093932661937,-0.21966378794550845,0.3966666666666665,3.661666666666666,False,False,,False,119,False,False,False
00236,1,v0_original,confirmation,Highway,Dark,Clear,8.898,9.597,6.7908898322413265,19.0,30.0,ok,134,9.466666666666667,6.34193980771591,-0.11731368079592344,5.264262794934445,-0.5686666666666671,0.13033333333333275,False,False,,False,119,False,False,False
00236,1,raw_flow_no_blob,confirmation,Highway,Dark,Clear,8.898,9.597,6.825930914454727,19.0,30.0,ok,134,9.466666666666667,6.18982326563746,-0.03534741551682465,5.2008580407303295,-0.5686666666666671,0.13033333333333275,False,False,,False,119,False,False,False
00236,1,affine_residual_no_blob,confirmation,Highway,Dark,Clear,8.898,9.597,6.895384484978015,19.0,30.0,ok,134,9.466666666666667,6.606141863507624,0.11055124613644442,5.558302380373782,-0.5686666666666671,0.13033333333333275,False,False,,False,119,False,False,False
00236,1,frame_difference,confirmation,Highway,Dark,Clear,8.898,9.597,1.7825162143670823,19.0,30.0,ok,134,9.533333333333333,0.8451033368799334,-0.253853016589015,0.8451033368799334,-0.6353333333333335,0.06366666666666632,False,False,,False,119,False,False,False
00253,1,v0_original,confirmation,Other,Normal,Cloudy,21.038,22.377,6.7908898322413265,40.228758169934636,30.6,ok,134,17.875816993464053,2.6365186802358327,-0.12205441277754756,-1.1434336213384269,3.1621830065359475,4.501183006535946,False,False,,False,119,False,False,False
00253,1,raw_flow_no_blob,confirmation,Other,Normal,Cloudy,21.038,22.377,6.825930914454727,40.228758169934636,30.6,ok,134,17.875816993464053,2.7132373943040005,-0.11503392460912301,-1.2448524007438566,3.1621830065359475,4.501183006535946,False,False,,False,119,False,False,False
00253,1,affine_residual_no_blob,confirmation,Other,Normal,Cloudy,21.038,22.377,6.895384484978015,40.228758169934636,30.6,ok,134,14.869281045751633,2.456442780015678,-0.3096292781846395,-1.0940188650155762,6.168718954248368,7.507718954248366,False,False,,False,119,False,False,False
00253,1,frame_difference,confirmation,Other,Normal,Cloudy,21.038,22.377,1.7825162143670823,40.228758169934636,30.6,ok,134,14.869281045751633,1.1084550227408716,0.025292183248830338,-0.38419125373070095,6.168718954248368,7.507718954248366,False,False,,False,119,False,False,False
00283,1,v0_original,confirmation,Highway,Dark,Clear,8.763,9.896,6.7908898322413265,18.0,30.0,ok,134,9.833333333333334,10.881333275239907,1.393422247113393,10.881333275239907,-1.070333333333334,0.06266666666666687,True,True,,True,119,False,False,False
00283,1,raw_flow_no_blob,confirmation,Highway,Dark,Clear,8.763,9.896,6.825930914454727,18.0,30.0,ok,134,9.833333333333334,10.789231665470554,1.4332598290949927,10.789231665470554,-1.070333333333334,0.06266666666666687,True,True,,True,119,False,False,False
00283,1,affine_residual_no_blob,confirmation,Highway,Dark,Clear,8.763,9.896,6.895384484978015,18.0,30.0,ok,134,9.833333333333334,11.290507121038573,1.6354162840159474,11.290507121038573,-1.070333333333334,0.06266666666666687,True,True,,True,119,False,False,False
00283,1,frame_difference,confirmation,Highway,Dark,Clear,8.763,9.896,1.7825162143670823,18.0,30.0,ok,134,9.833333333333334,2.368881836843702,-0.15232219159931445,2.368881836843702,-1.070333333333334,0.06266666666666687,True,True,,True,119,False,False,False
00342,1,v0_original,confirmation,Urban,Normal,Clear,18.333,19.567,6.7908898322413265,40.3,30.0,ok,134,19.533333333333335,1.3857696357444298,-0.8963187772895806,1.3857696357444298,-1.2003333333333366,0.03366666666666518,False,False,,False,119,False,False,False
00342,1,raw_flow_no_blob,confirmation,Urban,Normal,Clear,18.333,19.567,6.825930914454727,40.3,30.0,ok,134,19.533333333333335,1.4839432991385166,-0.7742778645003063,1.4839432991385166,-1.2003333333333366,0.03366666666666518,False,False,,False,119,False,False,False
00342,1,affine_residual_no_blob,confirmation,Urban,Normal,Clear,18.333,19.567,6.895384484978015,40.3,30.0,ok,134,19.533333333333335,1.3921339051316002,-0.9736819865875147,1.3921339051316002,-1.2003333333333366,0.03366666666666518,False,False,,False,119,False,False,False
00342,1,frame_difference,confirmation,Urban,Normal,Clear,18.333,19.567,1.7825162143670823,40.3,30.0,ok,134,19.533333333333335,1.3797631622227309,-0.003063475541179342,1.3797631622227309,-1.2003333333333366,0.03366666666666518,False,False,,False,119,False,False,False
00356,1,v0_original,confirmation,Sub-urban,Normal,Clear,8.999,10.199,6.7908898322413265,19.0,30.0,ok,134,10.133333333333333,1.9997636136469588,-0.031300195579242476,1.9997636136469588,-1.1343333333333323,0.06566666666666698,False,False,,False,119,False,False,False
00356,1,raw_flow_no_blob,confirmation,Sub-urban,Normal,Clear,8.999,10.199,6.825930914454727,19.0,30.0,ok,134,10.133333333333333,2.076477189715412,0.049930255583371164,2.076477189715412,-1.1343333333333323,0.06566666666666698,False,False,,False,119,False,False,False
00356,1,affine_residual_no_blob,confirmation,Sub-urban,Normal,Clear,8.999,10.199,6.895384484978015,19.0,30.0,ok,134,10.133333333333333,2.3454951407032802,0.25107206265761217,2.3454951407032802,-1.1343333333333323,0.06566666666666698,False,False,,False,119,False,False,False
00356,1,frame_difference,confirmation,Sub-urban,Normal,Clear,8.999,10.199,1.7825162143670823,19.0,30.0,ok,134,10.133333333333333,0.8030219813089887,0.30421974375398875,0.8030219813089887,-1.1343333333333323,0.06566666666666698,False,False,,False,119,False,False,False
00375,1,v0_original,confirmation,Other,Normal,Clear,16.364,17.671,6.7908898322413265,37.64705882352941,30.6,ok,134,17.614379084967318,2.8419377844018285,1.6471001402487513,2.8419377844018285,-1.2503790849673173,0.056620915032681296,False,False,,False,119,False,False,False
00375,1,raw_flow_no_blob,confirmation,Other,Normal,Clear,16.364,17.671,6.825930914454727,37.64705882352941,30.6,ok,134,17.614379084967318,2.806092344334032,1.7382349056800788,2.806092344334032,-1.2503790849673173,0.056620915032681296,False,False,,False,119,False,False,False
00375,1,affine_residual_no_blob,confirmation,Other,Normal,Clear,16.364,17.671,6.895384484978015,37.64705882352941,30.6,ok,134,17.614379084967318,2.4959349286652737,1.2928681753055862,2.4959349286652737,-1.2503790849673173,0.056620915032681296,False,False,,False,119,False,False,False
00375,1,frame_difference,confirmation,Other,Normal,Clear,16.364,17.671,1.7825162143670823,37.64705882352941,30.6,ok,134,17.614379084967318,0.2857685133320793,0.04698052025161398,0.2857685133320793,-1.2503790849673173,0.056620915032681296,False,False,,False,119,False,False,False
00383,1,v0_original,confirmation,Highway,Normal,Cloudy,1.966,3.032,6.7908898322413265,19.0,30.0,ok,60,0.4666666666666667,2.3459462866804346,0.49331802122666346,1.2108003454669847,1.4993333333333334,2.5653333333333332,False,False,,False,45,False,False,False
00383,1,raw_flow_no_blob,confirmation,Highway,Normal,Cloudy,1.966,3.032,6.825930914454727,19.0,30.0,ok,60,0.5333333333333333,2.3259176763039484,0.61654603630015,1.2091365631429245,1.4326666666666665,2.498666666666667,False,False,,False,45,False,False,False
00383,1,affine_residual_no_blob,confirmation,Highway,Normal,Cloudy,1.966,3.032,6.895384484978015,19.0,30.0,ok,60,0.5333333333333333,2.2860825699037095,0.7545859748959066,1.1872289942104168,1.4326666666666665,2.498666666666667,False,False,,False,45,False,False,False
00383,1,frame_difference,confirmation,Highway,Normal,Cloudy,1.966,3.032,1.7825162143670823,19.0,30.0,ok,60,0.9333333333333333,0.23159460128151274,-0.0667287845410032,-0.07266603926444322,1.0326666666666666,2.0986666666666665,False,False,,False,45,False,False,False
00411,1,v0_original,confirmation,Urban,Dark,Clear,16.7,17.3,6.7908898322413265,40.86666666666667,30.0,ok,135,17.033333333333335,1.5478510348132024,1.2958703052564848,0.5056089313543571,-0.3333333333333357,0.2666666666666657,False,False,,False,119,False,False,False
00411,1,raw_flow_no_blob,confirmation,Urban,Dark,Clear,16.7,17.3,6.825930914454727,40.86666666666667,30.0,ok,135,17.033333333333335,1.612838357981498,1.0175216785810175,0.5852497086241768,-0.3333333333333357,0.2666666666666657,False,False,,False,119,False,False,False
00411,1,affine_residual_no_blob,confirmation,Urban,Dark,Clear,16.7,17.3,6.895384484978015,40.86666666666667,30.0,ok,135,17.033333333333335,1.8145869073191718,1.2142315848160334,0.7479123425874143,-0.3333333333333357,0.2666666666666657,False,False,,False,119,False,False,False
00411,1,frame_difference,confirmation,Urban,Dark,Clear,16.7,17.3,1.7825162143670823,40.86666666666667,30.0,ok,135,15.7,1.5940637767814128,0.6721768755626666,0.574120567548642,1.0,1.6000000000000014,False,False,,False,119,False,False,False
00417,1,v0_original,confirmation,Highway,Normal,Clear,9.059,10.058,6.7908898322413265,18.0,30.0,ok,134,9.733333333333333,1.159812959784266,0.04325040253663815,0.27234438409781736,-0.6743333333333332,0.3246666666666673,False,False,,False,119,False,False,False
00417,1,raw_flow_no_blob,confirmation,Highway,Normal,Clear,9.059,10.058,6.825930914454727,18.0,30.0,ok,134,9.733333333333333,1.1473147883416828,0.0777995919985513,0.3665077406834681,-0.6743333333333332,0.3246666666666673,False,False,,False,119,False,False,False
00417,1,affine_residual_no_blob,confirmation,Highway,Normal,Clear,9.059,10.058,6.895384484978015,18.0,30.0,ok,134,9.733333333333333,1.346150105961167,0.23840414224770012,0.5342544492124708,-0.6743333333333332,0.3246666666666673,False,False,,False,119,False,False,False
00417,1,frame_difference,confirmation,Highway,Normal,Clear,9.059,10.058,1.7825162143670823,18.0,30.0,ok,134,9.733333333333333,0.002267473846193529,-0.2561378825166055,-0.18789769520549365,-0.6743333333333332,0.3246666666666673,False,False,,False,119,False,False,False
00461,1,v0_original,confirmation,Highway,Dark,Cloudy,8.0,10.1,6.7908898322413265,18.0,30.0,ok,135,3.9,-0.32865741056726855,-0.7206044978916492,-0.355651842362409,4.1,6.199999999999999,False,False,,False,119,False,False,False
00461,1,raw_flow_no_blob,confirmation,Highway,Dark,Cloudy,8.0,10.1,6.825930914454727,18.0,30.0,ok,135,3.9,-0.22496593251612973,-0.6067743237735109,-0.49504399021753853,4.1,6.199999999999999,False,False,,False,119,False,False,False
00461,1,affine_residual_no_blob,confirmation,Highway,Dark,Cloudy,8.0,10.1,6.895384484978015,18.0,30.0,ok,135,3.9,-0.07658365823339142,-0.47606417871947093,-0.36492825961548153,4.1,6.199999999999999,False,False,,False,119,False,False,False
00461,1,frame_difference,confirmation,Highway,Dark,Cloudy,8.0,10.1,1.7825162143670823,18.0,30.0,ok,135,10.033333333333333,0.3681942694208252,-0.31967413846786363,0.3681942694208252,-2.033333333333333,0.06666666666666643,False,False,,False,119,False,False,False
00480,1,v0_original,confirmation,Highway,Normal,Clear,18.425,20.123,6.7908898322413265,40.424836601307184,30.6,ok,134,20.0,1.7230641311523938,-0.709652801049628,1.5046816726402654,-1.5749999999999993,0.12300000000000111,False,False,,False,119,False,False,False
00480,1,raw_flow_no_blob,confirmation,Highway,Normal,Clear,18.425,20.123,6.825930914454727,40.424836601307184,30.6,ok,134,20.0,1.64179348260557,-0.667049428508957,1.4908690439082883,-1.5749999999999993,0.12300000000000111,False,False,,False,119,False,False,False
00480,1,affine_residual_no_blob,confirmation,Highway,Normal,Clear,18.425,20.123,6.895384484978015,40.424836601307184,30.6,ok,134,15.196078431372548,1.2630323875416094,-0.8046669837036198,1.102592859058449,3.2289215686274524,4.926921568627453,False,False,,False,119,False,False,False
00480,1,frame_difference,confirmation,Highway,Normal,Clear,18.425,20.123,1.7825162143670823,40.424836601307184,30.6,ok,134,20.0,0.7748580138481203,-0.09536401031308761,0.7400035572716097,-1.5749999999999993,0.12300000000000111,False,False,,False,119,False,False,False
00488,1,v0_original,confirmation,Other,Normal,Clear,19.833,23.6,6.7908898322413265,40.46666666666667,30.0,ok,135,20.333333333333332,3.266152896988051,1.8097734408518593,0.14789671459760378,-0.5003333333333337,3.2666666666666693,False,False,,False,119,False,False,False
00488,1,raw_flow_no_blob,confirmation,Other,Normal,Clear,19.833,23.6,6.825930914454727,40.46666666666667,30.0,ok,135,20.4,3.2547841800814545,1.7795525241562409,0.20216909650114936,-0.5670000000000002,3.200000000000003,False,False,,False,119,False,False,False
00488,1,affine_residual_no_blob,confirmation,Other,Normal,Clear,19.833,23.6,6.895384484978015,40.46666666666667,30.0,ok,135,20.4,3.3329230851816645,1.7279576469027034,-0.04277242248208443,-0.5670000000000002,3.200000000000003,False,False,,False,119,False,False,False
00488,1,frame_difference,confirmation,Other,Normal,Clear,19.833,23.6,1.7825162143670823,40.46666666666667,30.0,ok,135,20.466666666666665,1.7636898275042583,0.6300519249141575,0.08546372390010713,-0.6336666666666666,3.1333333333333364,False,False,,False,119,False,False,False
00502,1,v0_original,confirmation,Highway,Normal,Clear,16.0,19.667,6.7908898322413265,40.03333333333333,30.0,ok,134,19.633333333333333,-0.5430240249708573,-1.7150489161049982,-0.5430240249708573,-3.633333333333333,0.03366666666666873,False,False,,False,119,False,False,False
00502,1,raw_flow_no_blob,confirmation,Highway,Normal,Clear,16.0,19.667,6.825930914454727,40.03333333333333,30.0,ok,134,19.633333333333333,-0.5709301256884489,-1.676048702613726,-0.5709301256884489,-3.633333333333333,0.03366666666666873,False,False,,False,119,False,False,False
00502,1,affine_residual_no_blob,confirmation,Highway,Normal,Clear,16.0,19.667,6.895384484978015,40.03333333333333,30.0,ok,134,19.633333333333333,-0.4461440806789553,-1.578120176318929,-0.4461440806789553,-3.633333333333333,0.03366666666666873,False,False,,False,119,False,False,False
00502,1,frame_difference,confirmation,Highway,Normal,Clear,16.0,19.667,1.7825162143670823,40.03333333333333,30.0,ok,134,19.633333333333333,0.061761470310876254,-0.3110506147974339,0.061761470310876254,-3.633333333333333,0.03366666666666873,False,False,,False,119,False,False,False
00550,1,v0_original,confirmation,Other,Normal,Clear,18.767,20.1,6.7908898322413265,40.36666666666667,30.0,ok,135,14.166666666666666,19.2232291975037,11.44957072794909,11.252558890607549,4.600333333333333,5.933333333333335,True,True,,True,119,True,True,True
00550,1,raw_flow_no_blob,confirmation,Other,Normal,Clear,18.767,20.1,6.825930914454727,40.36666666666667,30.0,ok,135,14.166666666666666,19.350079248262116,11.48527423419065,11.331165807309642,4.600333333333333,5.933333333333335,True,True,,True,119,True,True,True
00550,1,affine_residual_no_blob,confirmation,Other,Normal,Clear,18.767,20.1,6.895384484978015,40.36666666666667,30.0,ok,135,14.166666666666666,20.36695399200578,12.145970554558081,11.966113017647242,4.600333333333333,5.933333333333335,True,True,,True,119,True,True,True
00550,1,frame_difference,confirmation,Other,Normal,Clear,18.767,20.1,1.7825162143670823,40.36666666666667,30.0,ok,135,14.7,6.65686460549669,4.605939995219667,4.578492548366942,4.067,5.400000000000002,True,True,,True,119,True,True,True
00586,1,v0_original,confirmation,Highway,Dark,Rain,17.699,20.179,6.7908898322413265,39.6551724137931,29.0,ok,134,12.586206896551724,3.116132269507421,0.9664432799090068,1.5950704699719627,5.112793103448277,7.592793103448274,False,False,,False,119,False,False,False
00586,1,raw_flow_no_blob,confirmation,Highway,Dark,Rain,17.699,20.179,6.825930914454727,39.6551724137931,29.0,ok,134,12.586206896551724,3.0351556558928525,0.9210066796311638,1.6102033045993869,5.112793103448277,7.592793103448274,False,False,,False,119,False,False,False
00586,1,affine_residual_no_blob,confirmation,Highway,Dark,Rain,17.699,20.179,6.895384484978015,39.6551724137931,29.0,ok,134,12.586206896551724,2.7592404260889936,0.6955936826213549,1.766475044445171,5.112793103448277,7.592793103448274,False,False,,False,119,False,False,False
00586,1,frame_difference,confirmation,Highway,Dark,Rain,17.699,20.179,1.7825162143670823,39.6551724137931,29.0,ok,134,13.068965517241379,1.271004989653108,0.7197561392460735,0.6867815392561711,4.630034482758623,7.1100344827586195,False,False,,False,119,False,False,False
00638,1,v0_original,confirmation,Sub-urban,Normal,Cloudy,14.601,17.573,6.7908898322413265,40.19607843137255,30.6,ok,134,10.196078431372548,5.134410305529038,-1.952242647749907,-0.08899467892627022,4.4049215686274525,7.376921568627452,False,False,,False,119,False,False,False
00638,1,raw_flow_no_blob,confirmation,Sub-urban,Normal,Cloudy,14.601,17.573,6.825930914454727,40.19607843137255,30.6,ok,134,10.196078431372548,5.231489727116005,-1.8406630412977698,-0.02824504971788582,4.4049215686274525,7.376921568627452,False,False,,False,119,False,False,False
00638,1,affine_residual_no_blob,confirmation,Sub-urban,Normal,Cloudy,14.601,17.573,6.895384484978015,40.19607843137255,30.6,ok,134,10.196078431372548,5.003005074815363,-1.7993165286570663,-0.13848044911046486,4.4049215686274525,7.376921568627452,False,False,,False,119,False,False,False
00638,1,frame_difference,confirmation,Sub-urban,Normal,Cloudy,14.601,17.573,1.7825162143670823,40.19607843137255,30.6,ok,134,10.196078431372548,0.577458342367828,-0.5875050633012531,-0.12697839441371034,4.4049215686274525,7.376921568627452,False,False,,False,119,False,False,False
00650,1,v0_original,confirmation,Sub-urban,Normal,Clear,14.6,18.867,6.7908898322413265,38.0,30.0,ok,134,18.033333333333335,0.8804248535363675,-0.7019125507884325,-0.359866028210134,-3.4333333333333353,0.8336666666666659,False,False,,False,119,False,False,False
00650,1,raw_flow_no_blob,confirmation,Sub-urban,Normal,Clear,14.6,18.867,6.825930914454727,38.0,30.0,ok,134,16.3,0.9047674206047547,-0.5985423953316487,-0.34287514854496615,-1.700000000000001,2.567,False,False,,False,119,False,False,False
00650,1,affine_residual_no_blob,confirmation,Sub-urban,Normal,Clear,14.6,18.867,6.895384484978015,38.0,30.0,ok,134,16.3,1.068466177814071,-0.5055489433670198,-0.28738353305153275,-1.700000000000001,2.567,False,False,,False,119,False,False,False
00650,1,frame_difference,confirmation,Sub-urban,Normal,Clear,14.6,18.867,1.7825162143670823,38.0,30.0,ok,134,15.366666666666667,0.2711145955561983,-0.1760932609836663,-0.03827777233816408,-0.7666666666666675,3.5003333333333337,False,False,,False,119,False,False,False
00663,1,v0_original,confirmation,Highway,Twilight,Clear,17.727,18.677,6.7908898322413265,40.459016393442624,30.5,ok,134,14.950819672131148,2.784798742253619,2.0263643572966332,1.3641202763140248,2.776180327868852,3.7261803278688514,False,False,,False,119,False,False,False
00663,1,raw_flow_no_blob,confirmation,Highway,Twilight,Clear,17.727,18.677,6.825930914454727,40.459016393442624,30.5,ok,134,14.950819672131148,2.8987047741519483,2.0972902100204274,1.4983150925827782,2.776180327868852,3.7261803278688514,False,False,,False,119,False,False,False
00663,1,affine_residual_no_blob,confirmation,Highway,Twilight,Clear,17.727,18.677,6.895384484978015,40.459016393442624,30.5,ok,134,14.950819672131148,3.0984500660595695,1.8179200779048768,1.5168099503833958,2.776180327868852,3.7261803278688514,False,False,,False,119,False,False,False
00663,1,frame_difference,confirmation,Highway,Twilight,Clear,17.727,18.677,1.7825162143670823,40.459016393442624,30.5,ok,134,17.442622950819672,1.2323760879046524,1.0832711153891856,0.39839108471092743,0.28437704918032836,1.2343770491803276,False,False,,False,119,False,False,False
00665,1,v0_original,confirmation,Urban,Twilight,Clear,18.125,19.86,6.7908898322413265,40.295081967213115,30.5,ok,134,18.491803278688526,5.364488166091384,3.6086065659872357,-0.010020782738420247,-0.3668032786885256,1.3681967213114739,False,False,,False,119,False,False,False
00665,1,raw_flow_no_blob,confirmation,Urban,Twilight,Clear,18.125,19.86,6.825930914454727,40.295081967213115,30.5,ok,134,18.491803278688526,5.324314850307497,3.719555792382889,-0.0260809465876769,-0.3668032786885256,1.3681967213114739,False,False,,False,119,False,False,False
00665,1,affine_residual_no_blob,confirmation,Urban,Twilight,Clear,18.125,19.86,6.895384484978015,40.295081967213115,30.5,ok,134,18.491803278688526,5.708968763982359,3.942708346600977,-0.28342955619480165,-0.3668032786885256,1.3681967213114739,False,False,,False,119,False,False,False
00665,1,frame_difference,confirmation,Urban,Twilight,Clear,18.125,19.86,1.7825162143670823,40.295081967213115,30.5,ok,134,18.62295081967213,1.660775804881522,1.3270595012168602,0.28980349500006797,-0.4979508196721305,1.237049180327869,False,False,,False,119,False,False,False
00667,1,v0_original,confirmation,Urban,Twilight,Clear,17.067,18.033,6.7908898322413265,40.06666666666667,30.0,ok,134,10.1,7.185541010548038,1.703733208462897,2.678619565221861,6.9670000000000005,7.933000000000002,False,True,,True,119,True,True,True
00667,1,raw_flow_no_blob,confirmation,Urban,Twilight,Clear,17.067,18.033,6.825930914454727,40.06666666666667,30.0,ok,134,10.1,7.3291304280507035,1.0570683644342118,2.277716165355433,6.9670000000000005,7.933000000000002,False,True,,True,119,True,True,True
00667,1,affine_residual_no_blob,confirmation,Urban,Twilight,Clear,17.067,18.033,6.895384484978015,40.06666666666667,30.0,ok,134,10.1,7.046740843131641,1.048848745961925,2.2364670637352257,6.9670000000000005,7.933000000000002,False,True,,True,119,True,True,True
00667,1,frame_difference,confirmation,Urban,Twilight,Clear,17.067,18.033,1.7825162143670823,40.06666666666667,30.0,ok,134,16.566666666666666,1.7048913971947066,0.9315110545583443,1.1629028723890042,0.5003333333333337,1.4663333333333348,False,False,,False,119,False,False,False
00671,1,v0_original,confirmation,Highway,Twilight,Clear,7.694,10.159,6.7908898322413265,18.0,30.0,ok,134,8.233333333333333,-0.18795219722356574,-0.5354113449151452,-0.8121673680844872,-0.5393333333333326,1.9256666666666682,False,False,,False,119,False,False,False
00671,1,raw_flow_no_blob,confirmation,Highway,Twilight,Clear,7.694,10.159,6.825930914454727,18.0,30.0,ok,134,8.633333333333333,-0.2921609371023598,-0.4565708046775899,-0.7001608940401599,-0.9393333333333329,1.5256666666666678,False,False,,False,119,False,False,False
00671,1,affine_residual_no_blob,confirmation,Highway,Twilight,Clear,7.694,10.159,6.895384484978015,18.0,30.0,ok,134,7.966666666666667,-0.48043117528924706,-0.6494231561569076,-0.5504114525542556,-0.27266666666666683,2.192333333333334,False,False,,False,119,False,False,False
00671,1,frame_difference,confirmation,Highway,Twilight,Clear,7.694,10.159,1.7825162143670823,18.0,30.0,ok,134,2.3666666666666667,-0.04157214768574923,-0.36560058359294634,-0.0656926966410478,5.327333333333334,7.792333333333334,False,False,,False,119,False,False,False
00674,1,v0_original,confirmation,Highway,Normal,Cloudy,17.903,19.536,6.7908898322413265,40.03267973856209,30.6,ok,134,18.235294117647058,1.3726307179834243,0.15645486971362987,0.34595102030914215,-0.3322941176470593,1.3007058823529434,False,False,,False,119,False,False,False
00674,1,raw_flow_no_blob,confirmation,Highway,Normal,Cloudy,17.903,19.536,6.825930914454727,40.03267973856209,30.6,ok,134,18.235294117647058,1.2068081017943224,-0.08260019725922503,0.21575389848339221,-0.3322941176470593,1.3007058823529434,False,False,,False,119,False,False,False
00674,1,affine_residual_no_blob,confirmation,Highway,Normal,Cloudy,17.903,19.536,6.895384484978015,40.03267973856209,30.6,ok,134,18.235294117647058,1.06410250852815,-0.12257364426892699,0.15404043429156014,-0.3322941176470593,1.3007058823529434,False,False,,False,119,False,False,False
00674,1,frame_difference,confirmation,Highway,Normal,Cloudy,17.903,19.536,1.7825162143670823,40.03267973856209,30.6,ok,134,19.019607843137255,0.7573798942265046,0.3681298439563097,0.5681649990473134,-1.1166078431372561,0.5163921568627465,False,False,,False,119,False,False,False
00688,1,v0_original,confirmation,Urban,Normal,Clear,16.192,19.306,6.7908898322413265,39.278688524590166,30.5,ok,134,18.721311475409838,3.743070804167165,0.2385447001686785,0.6168116158599248,-2.5293114754098376,0.5846885245901632,False,False,,False,119,False,False,False
00688,1,raw_flow_no_blob,confirmation,Urban,Normal,Clear,16.192,19.306,6.825930914454727,39.278688524590166,30.5,ok,134,18.852459016393443,2.2995047529054333,0.25815047933678537,0.3458021696558546,-2.6604590163934425,0.45354098360655826,False,False,,False,119,False,False,False
00688,1,affine_residual_no_blob,confirmation,Urban,Normal,Clear,16.192,19.306,6.895384484978015,39.278688524590166,30.5,ok,134,18.852459016393443,2.304307479963052,0.06363024518419055,0.46968971942324417,-2.6604590163934425,0.45354098360655826,False,False,,False,119,False,False,False
00688,1,frame_difference,confirmation,Urban,Normal,Clear,16.192,19.306,1.7825162143670823,39.278688524590166,30.5,ok,134,18.721311475409838,0.8920650668990817,-0.299171429180445,0.1400335002156848,-2.5293114754098376,0.5846885245901632,False,False,,False,119,False,False,False
00690,1,v0_original,confirmation,Sub-urban,Twilight,Cloudy,17.033,21.133,6.7908898322413265,40.333333333333336,30.0,ok,134,18.933333333333334,4.464932703829242,2.306253090649034,1.6109597213993427,-1.9003333333333323,2.1996666666666655,False,False,,False,119,False,False,False
00690,1,raw_flow_no_blob,confirmation,Sub-urban,Twilight,Cloudy,17.033,21.133,6.825930914454727,40.333333333333336,30.0,ok,134,18.866666666666667,4.527303240418423,2.4035983397386893,1.6388506035969164,-1.833666666666666,2.266333333333332,False,False,,False,119,False,False,False
00690,1,affine_residual_no_blob,confirmation,Sub-urban,Twilight,Cloudy,17.033,21.133,6.895384484978015,40.333333333333336,30.0,ok,134,18.866666666666667,4.537338392488583,1.648585249037454,1.265280315475136,-1.833666666666666,2.266333333333332,False,False,,False,119,False,False,False
00690,1,frame_difference,confirmation,Sub-urban,Twilight,Cloudy,17.033,21.133,1.7825162143670823,40.333333333333336,30.0,ok,134,14.533333333333333,0.7538916673539903,0.2144232498619434,0.1442722125954272,2.499666666666668,6.599666666666666,False,False,,False,119,False,False,False
00700,1,v0_original,confirmation,Urban,Twilight,Cloudy,18.252,19.92,6.7908898322413265,39.23076923076923,29.9,ok,134,15.752508361204015,3.225310431271297,1.7549738913534203,-0.11939606165977346,2.499491638795984,4.167491638795987,False,False,,False,119,False,False,False
00700,1,raw_flow_no_blob,confirmation,Urban,Twilight,Cloudy,18.252,19.92,6.825930914454727,39.23076923076923,29.9,ok,134,15.752508361204015,3.277707241526521,1.7460107680924621,0.012855084298595054,2.499491638795984,4.167491638795987,False,False,,False,119,False,False,False
00700,1,affine_residual_no_blob,confirmation,Urban,Twilight,Cloudy,18.252,19.92,6.895384484978015,39.23076923076923,29.9,ok,134,15.752508361204015,2.7533605369390513,1.121447525998165,-0.17533293702979574,2.499491638795984,4.167491638795987,False,False,,False,119,False,False,False
00700,1,frame_difference,confirmation,Urban,Twilight,Cloudy,18.252,19.92,1.7825162143670823,39.23076923076923,29.9,ok,134,17.59197324414716,0.8860238647872559,0.3053555694896803,-0.18339767436265209,0.6600267558528401,2.328026755852843,False,False,,False,119,False,False,False
00710,1,v0_original,confirmation,Urban,Twilight,Clear,17.566,19.917,6.7908898322413265,40.26143790849673,30.6,ok,134,17.124183006535947,4.701964998468569,2.4835742694033063,-0.9123056165901172,0.4418169934640517,2.7928169934640543,False,False,,False,119,False,False,False
00710,1,raw_flow_no_blob,confirmation,Urban,Twilight,Clear,17.566,19.917,6.825930914454727,40.26143790849673,30.6,ok,134,17.124183006535947,3.9666341549011306,2.5091243360742856,-0.7992560190252962,0.4418169934640517,2.7928169934640543,False,False,,False,119,False,False,False
00710,1,affine_residual_no_blob,confirmation,Urban,Twilight,Clear,17.566,19.917,6.895384484978015,40.26143790849673,30.6,ok,134,17.124183006535947,3.456158615963065,1.887707159400075,-0.9384710857097127,0.4418169934640517,2.7928169934640543,False,False,,False,119,False,False,False
00710,1,frame_difference,confirmation,Urban,Twilight,Clear,17.566,19.917,1.7825162143670823,40.26143790849673,30.6,ok,134,17.124183006535947,1.6680291395967668,0.8397378577817125,-0.16049258339754358,0.4418169934640517,2.7928169934640543,False,False,,False,119,False,False,False
00757,1,v0_original,confirmation,Urban,Twilight,Clear,17.5,19.967,6.7908898322413265,40.166666666666664,30.0,ok,134,14.266666666666667,2.156357272771719,0.8348440738961813,0.14743898879915732,3.2333333333333325,5.700333333333331,False,False,,False,119,False,False,False
00757,1,raw_flow_no_blob,confirmation,Urban,Twilight,Clear,17.5,19.967,6.825930914454727,40.166666666666664,30.0,ok,134,14.266666666666667,2.202013098482076,0.9551758846736298,0.1145719874914497,3.2333333333333325,5.700333333333331,False,False,,False,119,False,False,False
00757,1,affine_residual_no_blob,confirmation,Urban,Twilight,Clear,17.5,19.967,6.895384484978015,40.166666666666664,30.0,ok,134,14.266666666666667,1.404587403072805,0.5207376423967409,-0.20525232479992161,3.2333333333333325,5.700333333333331,False,False,,False,119,False,False,False
00757,1,frame_difference,confirmation,Urban,Twilight,Clear,17.5,19.967,1.7825162143670823,40.166666666666664,30.0,ok,134,19.466666666666665,0.8877526484336756,0.5274231325895893,0.19985924691066267,-1.966666666666665,0.5003333333333337,False,False,,False,119,False,False,False
00762,1,v0_original,confirmation,Urban,Twilight,Cloudy,18.3,20.4,6.7908898322413265,39.63333333333333,30.0,ok,135,13.533333333333333,3.3609737571019984,2.462902305792931,-0.7727615352759836,4.7666666666666675,6.866666666666665,False,False,,False,119,False,False,False
00762,1,raw_flow_no_blob,confirmation,Urban,Twilight,Cloudy,18.3,20.4,6.825930914454727,39.63333333333333,30.0,ok,135,13.533333333333333,3.455406717099927,2.5470860292382675,-0.805131474510633,4.7666666666666675,6.866666666666665,False,False,,False,119,False,False,False
00762,1,affine_residual_no_blob,confirmation,Urban,Twilight,Cloudy,18.3,20.4,6.895384484978015,39.63333333333333,30.0,ok,135,13.533333333333333,3.4000073756781486,1.8974594600365342,-1.0007228057459243,4.7666666666666675,6.866666666666665,False,False,,False,119,False,False,False
00762,1,frame_difference,confirmation,Urban,Twilight,Cloudy,18.3,20.4,1.7825162143670823,39.63333333333333,30.0,ok,135,13.466666666666667,0.7799727917577219,0.37525131924767907,-0.18741204646937187,4.833333333333334,6.933333333333332,False,False,,False,119,False,False,False
00763,1,v0_original,confirmation,Urban,Dark,Rain,17.633,19.3,6.7908898322413265,40.2,30.0,ok,135,15.766666666666667,3.3279505730892485,-0.020759719362385527,0.5835002838041867,1.8663333333333316,3.533333333333333,False,False,,False,119,False,False,False
00763,1,raw_flow_no_blob,confirmation,Urban,Dark,Rain,17.633,19.3,6.825930914454727,40.2,30.0,ok,135,15.5,3.26886759428538,0.007695625532640492,-0.09406198757573629,2.132999999999999,3.8000000000000007,False,False,,False,119,False,False,False
00763,1,affine_residual_no_blob,confirmation,Urban,Dark,Rain,17.633,19.3,6.895384484978015,40.2,30.0,ok,135,15.566666666666666,3.556947843928831,-0.3655075286741097,-0.31802994902498266,2.0663333333333327,3.7333333333333343,False,False,,False,119,False,False,False
00763,1,frame_difference,confirmation,Urban,Dark,Rain,17.633,19.3,1.7825162143670823,40.2,30.0,ok,135,15.433333333333334,1.5413541024602448,0.28040063035373175,0.1602051784834802,2.1996666666666655,3.866666666666667,False,False,,False,119,False,False,False
00765,1,v0_original,confirmation,Highway,Normal,Clear,18.301,19.314,6.7908898322413265,40.91803278688525,30.5,ok,134,19.278688524590162,7.38538312123608,0.5369102982072541,7.38538312123608,-0.9776885245901639,0.03531147540983781,True,True,,True,119,False,False,False
00765,1,raw_flow_no_blob,confirmation,Highway,Normal,Clear,18.301,19.314,6.825930914454727,40.91803278688525,30.5,ok,134,19.278688524590162,7.471081692841089,0.6169812184021546,7.471081692841089,-0.9776885245901639,0.03531147540983781,True,True,,True,119,False,False,False
00765,1,affine_residual_no_blob,confirmation,Highway,Normal,Clear,18.301,19.314,6.895384484978015,40.91803278688525,30.5,ok,134,19.278688524590162,7.655995641247895,0.5567351026196103,7.655995641247895,-0.9776885245901639,0.03531147540983781,True,True,,True,119,False,False,False
00765,1,frame_difference,confirmation,Highway,Normal,Clear,18.301,19.314,1.7825162143670823,40.91803278688525,30.5,ok,134,19.278688524590162,2.2502578212493423,0.5078455502888655,2.2502578212493423,-0.9776885245901639,0.03531147540983781,True,True,,True,119,False,False,False
00777,1,v0_original,confirmation,Highway,Twilight,Cloudy,17.871,20.515,6.7908898322413265,40.23489932885906,29.8,ok,134,17.651006711409394,3.183760504847825,1.6711117973748055,0.2308018408880423,0.2199932885906044,2.8639932885906063,False,False,,False,119,False,False,False
00777,1,raw_flow_no_blob,confirmation,Highway,Twilight,Cloudy,17.871,20.515,6.825930914454727,40.23489932885906,29.8,ok,134,17.651006711409394,3.2345089611292304,1.780838315899338,0.28569778017991254,0.2199932885906044,2.8639932885906063,False,False,,False,119,False,False,False
00777,1,affine_residual_no_blob,confirmation,Highway,Twilight,Cloudy,17.871,20.515,6.895384484978015,40.23489932885906,29.8,ok,134,17.651006711409394,3.152878952642638,1.7260971629989044,0.24988272216847301,0.2199932885906044,2.8639932885906063,False,False,,False,119,False,False,False
00777,1,frame_difference,confirmation,Highway,Twilight,Cloudy,17.871,20.515,1.7825162143670823,40.23489932885906,29.8,ok,134,13.322147651006711,0.3548452400730816,0.1474241157144773,-0.08070380763513424,4.548852348993288,7.19285234899329,False,False,,False,119,False,False,False
00805,1,v0_original,confirmation,Sub-urban,Normal,Clear,17.702,19.335,6.7908898322413265,40.81699346405229,30.6,ok,134,19.281045751633986,5.797164557532049,3.253488783146576,5.797164557532049,-1.5790457516339842,0.05395424836601492,False,False,,False,119,False,False,False
00805,1,raw_flow_no_blob,confirmation,Sub-urban,Normal,Clear,17.702,19.335,6.825930914454727,40.81699346405229,30.6,ok,134,19.281045751633986,5.784748739542676,3.169793619858451,5.784748739542676,-1.5790457516339842,0.05395424836601492,False,False,,False,119,False,False,False
00805,1,affine_residual_no_blob,confirmation,Sub-urban,Normal,Clear,17.702,19.335,6.895384484978015,40.81699346405229,30.6,ok,134,19.281045751633986,5.906718236040598,2.984508028727906,5.906718236040598,-1.5790457516339842,0.05395424836601492,False,False,,False,119,False,False,False
00805,1,frame_difference,confirmation,Sub-urban,Normal,Clear,17.702,19.335,1.7825162143670823,40.81699346405229,30.6,ok,134,12.745098039215685,1.253790687179817,0.9378201775965376,0.9010667591747723,4.956901960784316,6.5899019607843154,False,False,,False,119,False,False,False
00839,1,v0_original,confirmation,Sub-urban,Twilight,Clear,19.119,20.153,6.7908898322413265,40.23411371237459,29.9,ok,134,19.83277591973244,8.124698018337565,2.098160390617852,4.595226489691238,-0.7137759197324414,0.32022408026755755,True,True,,True,119,False,False,False
00839,1,raw_flow_no_blob,confirmation,Sub-urban,Twilight,Clear,19.119,20.153,6.825930914454727,40.23411371237459,29.9,ok,134,19.83277591973244,7.544610978259568,2.102536286281653,4.551108497244318,-0.7137759197324414,0.32022408026755755,True,True,,True,119,False,False,False
00839,1,affine_residual_no_blob,confirmation,Sub-urban,Twilight,Clear,19.119,20.153,6.895384484978015,40.23411371237459,29.9,ok,134,19.83277591973244,7.673888826732204,2.2685385290129862,4.496551284731455,-0.7137759197324414,0.32022408026755755,True,True,,True,119,False,False,False
00839,1,frame_difference,confirmation,Sub-urban,Twilight,Clear,19.119,20.153,1.7825162143670823,40.23411371237459,29.9,ok,134,19.83277591973244,1.8549110073113704,-0.01946153526396869,1.035221185739022,-0.7137759197324414,0.32022408026755755,True,True,,True,119,False,False,False
00896,1,v0_original,confirmation,Other,Normal,Clear,18.3,19.6,6.7908898322413265,40.43333333333333,30.0,ok,135,12.533333333333333,0.3062575574780362,-0.6300964366576987,-1.2374944238237005,5.7666666666666675,7.066666666666668,False,False,,False,119,False,False,False
00896,1,raw_flow_no_blob,confirmation,Other,Normal,Clear,18.3,19.6,6.825930914454727,40.43333333333333,30.0,ok,135,12.533333333333333,0.4087911989756149,-0.6337953763671791,-1.1232645564045871,5.7666666666666675,7.066666666666668,False,False,,False,119,False,False,False
00896,1,affine_residual_no_blob,confirmation,Other,Normal,Clear,18.3,19.6,6.895384484978015,40.43333333333333,30.0,ok,135,16.533333333333335,0.08409806161833663,-0.64513467459662,-1.1650531311864907,1.7666666666666657,3.0666666666666664,False,False,,False,119,False,False,False
00896,1,frame_difference,confirmation,Other,Normal,Clear,18.3,19.6,1.7825162143670823,40.43333333333333,30.0,ok,135,18.8,0.19150896091859518,-0.14392951735508092,-0.4229786752695743,-0.5,0.8000000000000007,False,False,,False,119,False,False,False
00902,1,v0_original,confirmation,Urban,Twilight,Cloudy,18.8,20.367,6.7908898322413265,39.56666666666667,30.0,ok,134,14.2,1.717969671853324,0.9408610534732784,-0.9967169429060907,4.600000000000001,6.167000000000002,False,False,,False,119,False,False,False
00902,1,raw_flow_no_blob,confirmation,Urban,Twilight,Cloudy,18.8,20.367,6.825930914454727,39.56666666666667,30.0,ok,134,14.2,1.8288376243970421,0.9654741851334205,-1.0332104173928873,4.600000000000001,6.167000000000002,False,False,,False,119,False,False,False
00902,1,affine_residual_no_blob,confirmation,Urban,Twilight,Cloudy,18.8,20.367,6.895384484978015,39.56666666666667,30.0,ok,134,14.2,1.6104357992435046,0.6719607401110391,-1.1591151450094233,4.600000000000001,6.167000000000002,False,False,,False,119,False,False,False
00902,1,frame_difference,confirmation,Urban,Twilight,Cloudy,18.8,20.367,1.7825162143670823,39.56666666666667,30.0,ok,134,18.6,0.6741806482138207,0.4438934619193565,-0.136681935544952,0.1999999999999993,1.7669999999999995,False,False,,False,119,False,False,False
00938,1,v0_original,confirmation,Other,Normal,Clear,10.226,10.426,6.7908898322413265,18.0,30.0,ok,134,9.566666666666666,1.7623790407725328,0.8752721429672995,0.6047519179983479,0.6593333333333344,0.8593333333333337,False,False,,False,119,False,False,False
00938,1,raw_flow_no_blob,confirmation,Other,Normal,Clear,10.226,10.426,6.825930914454727,18.0,30.0,ok,134,9.5,1.8679775784457346,0.9923819668570237,0.7285927367249555,0.7260000000000009,0.9260000000000002,False,False,,False,119,False,False,False
00938,1,affine_residual_no_blob,confirmation,Other,Normal,Clear,10.226,10.426,6.895384484978015,18.0,30.0,ok,134,9.5,2.095516317642292,1.1053436504755378,0.7896041866707437,0.7260000000000009,0.9260000000000002,False,False,,False,119,False,False,False
00938,1,frame_difference,confirmation,Other,Normal,Clear,10.226,10.426,1.7825162143670823,18.0,30.0,ok,134,9.566666666666666,0.5203706607776966,0.42620678246043475,0.44347598021610996,0.6593333333333344,0.8593333333333337,False,False,,False,119,False,False,False
00947,1,v0_original,confirmation,Highway,Twilight,Clear,18.567,19.733,6.7908898322413265,40.0,30.0,ok,134,18.466666666666665,6.889565223848406,6.019853598707167,4.635654797299468,0.10033333333333516,1.2663333333333355,True,True,,True,119,True,True,False
00947,1,raw_flow_no_blob,confirmation,Highway,Twilight,Clear,18.567,19.733,6.825930914454727,40.0,30.0,ok,134,18.466666666666665,6.923580865080682,6.086741372820559,4.757795790084692,0.10033333333333516,1.2663333333333355,True,True,,True,119,True,True,False
00947,1,affine_residual_no_blob,confirmation,Highway,Twilight,Clear,18.567,19.733,6.895384484978015,40.0,30.0,ok,134,18.466666666666665,6.707043571603233,5.8035767310553075,4.032778220435851,0.10033333333333516,1.2663333333333355,False,False,,False,119,False,False,False
00947,1,frame_difference,confirmation,Highway,Twilight,Clear,18.567,19.733,1.7825162143670823,40.0,30.0,ok,134,19.466666666666665,1.5340579508387844,1.0980917343614303,1.3459109064668588,-0.8996666666666648,0.26633333333333553,False,False,,False,119,False,False,False
00958,1,v0_original,confirmation,Urban,Normal,Clear,17.611,19.081,6.7908898322413265,40.10033444816054,29.9,ok,134,19.03010033444816,4.298143620405025,2.870135141585779,4.298143620405025,-1.41910033444816,0.05089966555183878,False,False,,False,119,False,False,False
00958,1,raw_flow_no_blob,confirmation,Urban,Normal,Clear,17.611,19.081,6.825930914454727,40.10033444816054,29.9,ok,134,19.03010033444816,4.343524207139803,2.8930207999845283,4.343524207139803,-1.41910033444816,0.05089966555183878,False,False,,False,119,False,False,False
00958,1,affine_residual_no_blob,confirmation,Urban,Normal,Clear,17.611,19.081,6.895384484978015,40.10033444816054,29.9,ok,134,19.03010033444816,3.9197033858855317,2.403367563227799,3.9197033858855317,-1.41910033444816,0.05089966555183878,False,False,,False,119,False,False,False
00958,1,frame_difference,confirmation,Urban,Normal,Clear,17.611,19.081,1.7825162143670823,40.10033444816054,29.9,ok,134,14.180602006688964,2.074633913650334,0.8021525197778131,1.524169766135627,3.4303979933110362,4.900397993311035,True,True,,True,119,True,True,True
00968,1,v0_original,confirmation,Urban,Normal,Rain,19.133,21.567,6.7908898322413265,40.266666666666666,30.0,ok,134,15.133333333333333,5.136571129248569,4.4478086416279305,-0.3516837895502338,3.9996666666666663,6.433666666666667,False,False,,False,119,False,False,False
00968,1,raw_flow_no_blob,confirmation,Urban,Normal,Rain,19.133,21.567,6.825930914454727,40.266666666666666,30.0,ok,134,15.066666666666666,5.21720578061845,4.492661786550195,-0.5491193765900957,4.066333333333333,6.500333333333334,False,False,,False,119,False,False,False
00968,1,affine_residual_no_blob,confirmation,Urban,Normal,Rain,19.133,21.567,6.895384484978015,40.266666666666666,30.0,ok,134,15.066666666666666,5.481960956902852,4.842905527734511,-0.732010705523879,4.066333333333333,6.500333333333334,False,False,,False,119,False,False,False
00968,1,frame_difference,confirmation,Urban,Normal,Rain,19.133,21.567,1.7825162143670823,40.266666666666666,30.0,ok,134,16.333333333333332,2.277369422210243,1.2514512439072605,-0.011578711731736038,2.799666666666667,5.233666666666668,False,True,,True,119,True,True,True
01002,1,v0_original,confirmation,Highway,Twilight,Cloudy,19.047,20.085,6.7908898322413265,40.13840830449827,28.9,ok,134,20.034602076124568,-0.9411846969503574,-1.4677827838508137,-0.9411846969503574,-0.987602076124567,0.05039792387543329,False,False,,False,119,False,False,False
01002,1,raw_flow_no_blob,confirmation,Highway,Twilight,Cloudy,19.047,20.085,6.825930914454727,40.13840830449827,28.9,ok,134,20.034602076124568,-0.8659110172817948,-1.4491131385951403,-0.8659110172817948,-0.987602076124567,0.05039792387543329,False,False,,False,119,False,False,False
01002,1,affine_residual_no_blob,confirmation,Highway,Twilight,Cloudy,19.047,20.085,6.895384484978015,40.13840830449827,28.9,ok,134,20.034602076124568,-0.7922788182174012,-1.35413155838881,-0.7922788182174012,-0.987602076124567,0.05039792387543329,False,False,,False,119,False,False,False
01002,1,frame_difference,confirmation,Highway,Twilight,Cloudy,19.047,20.085,1.7825162143670823,40.13840830449827,28.9,ok,134,15.155709342560554,-0.4565026706738421,-0.5180111328356858,-0.46209056431372336,3.8912906574394466,4.929290657439447,False,False,,False,119,False,False,False
01012,1,v0_original,confirmation,Sub-urban,Normal,Clear,17.867,21.367,6.7908898322413265,41.5,30.0,ok,134,21.2,5.035424797253419,1.9481523737023765,2.2867828705234348,-3.3329999999999984,0.1670000000000016,False,False,,False,119,False,False,False
01012,1,raw_flow_no_blob,confirmation,Sub-urban,Normal,Clear,17.867,21.367,6.825930914454727,41.5,30.0,ok,134,21.2,4.8596362276140965,1.8297034961270073,2.2738770743265264,-3.3329999999999984,0.1670000000000016,False,False,,False,119,False,False,False
01012,1,affine_residual_no_blob,confirmation,Sub-urban,Normal,Clear,17.867,21.367,6.895384484978015,41.5,30.0,ok,134,21.2,4.967871337700728,1.699436821562295,2.3225494087606777,-3.3329999999999984,0.1670000000000016,False,False,,False,119,False,False,False
01012,1,frame_difference,confirmation,Sub-urban,Normal,Clear,17.867,21.367,1.7825162143670823,41.5,30.0,ok,134,21.2,1.416775884531095,0.15532234790377566,0.7071044519483789,-3.3329999999999984,0.1670000000000016,False,False,,False,119,False,False,False
01020,1,v0_original,confirmation,Highway,Dark,Clear,17.065,17.49,6.7908898322413265,39.44444444444444,30.6,ok,134,17.45098039215686,1.5532142004204879,0.47574588315688887,1.5532142004204879,-0.38598039215685986,0.039019607843137294,False,False,,False,119,False,False,False
01020,1,raw_flow_no_blob,confirmation,Highway,Dark,Clear,17.065,17.49,6.825930914454727,39.44444444444444,30.6,ok,134,17.254901960784313,1.312661337913629,0.5796046038152692,1.303133918353224,-0.18990196078431154,0.23509803921568562,False,False,,False,119,False,False,False
01020,1,affine_residual_no_blob,confirmation,Highway,Dark,Clear,17.065,17.49,6.895384484978015,39.44444444444444,30.6,ok,134,17.254901960784313,1.1321245026260978,0.4963221735848657,1.0155756476950317,-0.18990196078431154,0.23509803921568562,False,False,,False,119,False,False,False
01020,1,frame_difference,confirmation,Highway,Dark,Clear,17.065,17.49,1.7825162143670823,39.44444444444444,30.6,ok,134,17.45098039215686,0.6549538770356584,0.3756353852331872,0.6549538770356584,-0.38598039215685986,0.039019607843137294,False,False,,False,119,False,False,False
01090,0,v0_original,confirmation,Urban,Twilight,Cloudy,,,6.7908898322413265,39.4,30.0,ok,135,18.066666666666666,6.686868564104366,,,,,,,False,False,135,,,
01090,0,raw_flow_no_blob,confirmation,Urban,Twilight,Cloudy,,,6.825930914454727,39.4,30.0,ok,135,18.066666666666666,5.87047690406164,,,,,,,False,False,135,,,
01090,0,affine_residual_no_blob,confirmation,Urban,Twilight,Cloudy,,,6.895384484978015,39.4,30.0,ok,135,18.066666666666666,5.738056500315365,,,,,,,False,False,135,,,
01090,0,frame_difference,confirmation,Urban,Twilight,Cloudy,,,1.7825162143670823,39.4,30.0,ok,135,18.066666666666666,1.3105375557087016,,,,,,,False,False,135,,,
01102,0,v0_original,confirmation,Other,Normal,Clear,,,6.7908898322413265,15.0,30.0,ok,135,3.3333333333333335,0.03540861012494443,,,,,,,False,False,135,,,
01102,0,raw_flow_no_blob,confirmation,Other,Normal,Clear,,,6.825930914454727,15.0,30.0,ok,135,3.066666666666667,-0.11185750710125544,,,,,,,False,False,135,,,
01102,0,affine_residual_no_blob,confirmation,Other,Normal,Clear,,,6.895384484978015,15.0,30.0,ok,135,3.066666666666667,-0.2579561259815657,,,,,,,False,False,135,,,
01102,0,frame_difference,confirmation,Other,Normal,Clear,,,1.7825162143670823,15.0,30.0,ok,135,9.0,-0.023027460696585345,,,,,,,False,False,135,,,
01114,0,v0_original,confirmation,Highway,Twilight,Clear,,,6.7908898322413265,44.052287581699346,30.6,ok,134,19.934640522875817,-0.22532583855388685,,,,,,,False,False,134,,,
01114,0,raw_flow_no_blob,confirmation,Highway,Twilight,Clear,,,6.825930914454727,44.052287581699346,30.6,ok,134,19.934640522875817,-0.12894881803779767,,,,,,,False,False,134,,,
01114,0,affine_residual_no_blob,confirmation,Highway,Twilight,Clear,,,6.895384484978015,44.052287581699346,30.6,ok,134,19.934640522875817,0.01993774810202599,,,,,,,False,False,134,,,
01114,0,frame_difference,confirmation,Highway,Twilight,Clear,,,1.7825162143670823,44.052287581699346,30.6,ok,134,22.549019607843135,-0.10245206266284786,,,,,,,False,False,134,,,
01118,0,v0_original,confirmation,Industrial,Normal,Cloudy,,,6.7908898322413265,18.0,30.0,ok,135,6.166666666666667,1.6623869491201069,,,,,,,False,False,135,,,
01118,0,raw_flow_no_blob,confirmation,Industrial,Normal,Cloudy,,,6.825930914454727,18.0,30.0,ok,135,6.3,1.3290119721701963,,,,,,,False,False,135,,,
01118,0,affine_residual_no_blob,confirmation,Industrial,Normal,Cloudy,,,6.895384484978015,18.0,30.0,ok,135,6.366666666666666,0.8736768777080484,,,,,,,False,False,135,,,
01118,0,frame_difference,confirmation,Industrial,Normal,Cloudy,,,1.7825162143670823,18.0,30.0,ok,135,9.633333333333333,0.5690806057438562,,,,,,,False,False,135,,,
01133,0,v0_original,confirmation,Sub-urban,Normal,Clear,,,6.7908898322413265,37.7,30.0,ok,134,16.566666666666666,3.120407476458486,,,,,,,False,False,134,,,
01133,0,raw_flow_no_blob,confirmation,Sub-urban,Normal,Clear,,,6.825930914454727,37.7,30.0,ok,134,14.633333333333333,3.1636305983444304,,,,,,,False,False,134,,,
01133,0,affine_residual_no_blob,confirmation,Sub-urban,Normal,Clear,,,6.895384484978015,37.7,30.0,ok,134,14.633333333333333,2.758133300567331,,,,,,,False,False,134,,,
01133,0,frame_difference,confirmation,Sub-urban,Normal,Clear,,,1.7825162143670823,37.7,30.0,ok,134,17.966666666666665,0.9398062325437877,,,,,,,False,False,134,,,
01159,0,v0_original,confirmation,Sub-urban,Normal,Clear,,,6.7908898322413265,44.7,30.0,ok,134,24.666666666666668,5.293259612159506,,,,,,,False,False,134,,,
01159,0,raw_flow_no_blob,confirmation,Sub-urban,Normal,Clear,,,6.825930914454727,44.7,30.0,ok,134,19.733333333333334,5.20474991148908,,,,,,,False,False,134,,,
01159,0,affine_residual_no_blob,confirmation,Sub-urban,Normal,Clear,,,6.895384484978015,44.7,30.0,ok,134,24.666666666666668,5.562661160208753,,,,,,,False,False,134,,,
01159,0,frame_difference,confirmation,Sub-urban,Normal,Clear,,,1.7825162143670823,44.7,30.0,ok,134,20.866666666666667,1.5565626550546132,,,,,,,False,False,134,,,
01170,0,v0_original,confirmation,Highway,Normal,Cloudy,,,6.7908898322413265,40.06666666666667,30.0,ok,135,17.133333333333333,5.634008658576688,,,,,,,False,False,135,,,
01170,0,raw_flow_no_blob,confirmation,Highway,Normal,Cloudy,,,6.825930914454727,40.06666666666667,30.0,ok,135,17.133333333333333,5.261974925985519,,,,,,,False,False,135,,,
01170,0,affine_residual_no_blob,confirmation,Highway,Normal,Cloudy,,,6.895384484978015,40.06666666666667,30.0,ok,135,17.133333333333333,5.0732551989021,,,,,,,False,False,135,,,
01170,0,frame_difference,confirmation,Highway,Normal,Cloudy,,,1.7825162143670823,40.06666666666667,30.0,ok,135,17.133333333333333,1.6963162719365594,,,,,,,False,False,135,,,
01221,0,v0_original,confirmation,Other,Normal,Clear,,,6.7908898322413265,19.0,30.0,ok,135,13.4,-0.4921824781585147,,,,,,,False,False,135,,,
01221,0,raw_flow_no_blob,confirmation,Other,Normal,Clear,,,6.825930914454727,19.0,30.0,ok,135,12.266666666666667,-0.7635966388261739,,,,,,,False,False,135,,,
01221,0,affine_residual_no_blob,confirmation,Other,Normal,Clear,,,6.895384484978015,19.0,30.0,ok,135,12.266666666666667,-1.324788885521131,,,,,,,False,False,135,,,
01221,0,frame_difference,confirmation,Other,Normal,Clear,,,1.7825162143670823,19.0,30.0,ok,135,12.333333333333334,0.5824213869324317,,,,,,,False,False,135,,,
01227,0,v0_original,confirmation,Urban,Twilight,Clear,,,6.7908898322413265,18.0,30.0,ok,135,5.566666666666666,-0.07685155213781612,,,,,,,False,False,135,,,
01227,0,raw_flow_no_blob,confirmation,Urban,Twilight,Clear,,,6.825930914454727,18.0,30.0,ok,135,4.766666666666667,-0.16362594257015287,,,,,,,False,False,135,,,
01227,0,affine_residual_no_blob,confirmation,Urban,Twilight,Clear,,,6.895384484978015,18.0,30.0,ok,135,4.766666666666667,-0.013531946890309773,,,,,,,False,False,135,,,
01227,0,frame_difference,confirmation,Urban,Twilight,Clear,,,1.7825162143670823,18.0,30.0,ok,135,10.766666666666667,0.38757471705839813,,,,,,,False,False,135,,,
01267,0,v0_original,confirmation,Sub-urban,Normal,Cloudy,,,6.7908898322413265,18.0,30.0,ok,135,7.766666666666667,10.064361976222902,,,,,,,True,True,135,,,
01267,0,raw_flow_no_blob,confirmation,Sub-urban,Normal,Cloudy,,,6.825930914454727,18.0,30.0,ok,135,7.766666666666667,10.114126422177346,,,,,,,True,True,135,,,
01267,0,affine_residual_no_blob,confirmation,Sub-urban,Normal,Cloudy,,,6.895384484978015,18.0,30.0,ok,135,7.766666666666667,10.723224168216456,,,,,,,True,True,135,,,
01267,0,frame_difference,confirmation,Sub-urban,Normal,Cloudy,,,1.7825162143670823,18.0,30.0,ok,135,8.7,1.8546879096266593,,,,,,,True,True,135,,,
01270,0,v0_original,confirmation,Highway,Normal,Cloudy,,,6.7908898322413265,39.86254295532646,29.1,ok,134,19.65635738831615,5.57310982567723,,,,,,,False,False,134,,,
01270,0,raw_flow_no_blob,confirmation,Highway,Normal,Cloudy,,,6.825930914454727,39.86254295532646,29.1,ok,134,19.65635738831615,3.91056731742502,,,,,,,False,False,134,,,
01270,0,affine_residual_no_blob,confirmation,Highway,Normal,Cloudy,,,6.895384484978015,39.86254295532646,29.1,ok,134,19.65635738831615,4.026787951029111,,,,,,,False,False,134,,,
01270,0,frame_difference,confirmation,Highway,Normal,Cloudy,,,1.7825162143670823,39.86254295532646,29.1,ok,134,19.72508591065292,1.6829379703468454,,,,,,,False,False,134,,,
01301,0,v0_original,confirmation,Other,Normal,Clear,,,6.7908898322413265,19.0,30.0,ok,135,7.333333333333333,-1.0218879478179907,,,,,,,False,False,135,,,
01301,0,raw_flow_no_blob,confirmation,Other,Normal,Clear,,,6.825930914454727,19.0,30.0,ok,135,10.6,-1.4598509652154106,,,,,,,False,False,135,,,
01301,0,affine_residual_no_blob,confirmation,Other,Normal,Clear,,,6.895384484978015,19.0,30.0,ok,135,10.6,-1.2439428854320782,,,,,,,False,False,135,,,
01301,0,frame_difference,confirmation,Other,Normal,Clear,,,1.7825162143670823,19.0,30.0,ok,135,10.6,0.04455342159940317,,,,,,,False,False,135,,,
01306,0,v0_original,confirmation,Industrial,Normal,Clear,,,6.7908898322413265,40.588235294117645,30.6,ok,134,16.274509803921568,-1.3580292015529516,,,,,,,False,False,134,,,
01306,0,raw_flow_no_blob,confirmation,Industrial,Normal,Clear,,,6.825930914454727,40.588235294117645,30.6,ok,134,16.209150326797385,-1.5379047520256104,,,,,,,False,False,134,,,
01306,0,affine_residual_no_blob,confirmation,Industrial,Normal,Clear,,,6.895384484978015,40.588235294117645,30.6,ok,134,18.692810457516337,-1.2952920989319812,,,,,,,False,False,134,,,
01306,0,frame_difference,confirmation,Industrial,Normal,Clear,,,1.7825162143670823,40.588235294117645,30.6,ok,134,16.209150326797385,-0.3324993154868832,,,,,,,False,False,134,,,
01319,0,v0_original,confirmation,Highway,Normal,Cloudy,,,6.7908898322413265,40.326797385620914,30.6,ok,134,15.751633986928104,3.17841383126569,,,,,,,False,False,134,,,
01319,0,raw_flow_no_blob,confirmation,Highway,Normal,Cloudy,,,6.825930914454727,40.326797385620914,30.6,ok,134,15.751633986928104,3.3220032487683553,,,,,,,False,False,134,,,
01319,0,affine_residual_no_blob,confirmation,Highway,Normal,Cloudy,,,6.895384484978015,40.326797385620914,30.6,ok,134,17.352941176470587,2.731242554950149,,,,,,,False,False,134,,,
01319,0,frame_difference,confirmation,Highway,Normal,Cloudy,,,1.7825162143670823,40.326797385620914,30.6,ok,134,17.352941176470587,2.9267735070873986,,,,,,,True,True,134,,,
01321,0,v0_original,confirmation,Urban,Normal,Clear,,,6.7908898322413265,40.43333333333333,30.0,ok,134,16.933333333333334,7.371917117275046,,,,,,,True,True,134,,,
01321,0,raw_flow_no_blob,confirmation,Urban,Normal,Clear,,,6.825930914454727,40.43333333333333,30.0,ok,134,15.8,7.483232107904008,,,,,,,True,True,134,,,
01321,0,affine_residual_no_blob,confirmation,Urban,Normal,Clear,,,6.895384484978015,40.43333333333333,30.0,ok,134,15.8,7.970698076784963,,,,,,,True,True,134,,,
01321,0,frame_difference,confirmation,Urban,Normal,Clear,,,1.7825162143670823,40.43333333333333,30.0,ok,134,15.8,1.6008087071928927,,,,,,,False,False,134,,,
01328,0,v0_original,confirmation,Urban,Normal,Clear,,,6.7908898322413265,40.03333333333333,30.0,ok,134,20.333333333333332,2.3915727954019275,,,,,,,False,False,134,,,
01328,0,raw_flow_no_blob,confirmation,Urban,Normal,Clear,,,6.825930914454727,40.03333333333333,30.0,ok,134,20.333333333333332,2.3859887041956918,,,,,,,False,False,134,,,
01328,0,affine_residual_no_blob,confirmation,Urban,Normal,Clear,,,6.895384484978015,40.03333333333333,30.0,ok,134,20.333333333333332,2.5415429826149722,,,,,,,False,False,134,,,
01328,0,frame_difference,confirmation,Urban,Normal,Clear,,,1.7825162143670823,40.03333333333333,30.0,ok,134,16.2,0.22483486076035034,,,,,,,False,False,134,,,
01449,0,v0_original,confirmation,Highway,Dark,Clear,,,6.7908898322413265,38.98692810457516,30.6,ok,134,21.732026143790847,1.5020402424787156,,,,,,,False,False,134,,,
01449,0,raw_flow_no_blob,confirmation,Highway,Dark,Clear,,,6.825930914454727,38.98692810457516,30.6,ok,134,21.732026143790847,1.5553240307239915,,,,,,,False,False,134,,,
01449,0,affine_residual_no_blob,confirmation,Highway,Dark,Clear,,,6.895384484978015,38.98692810457516,30.6,ok,134,21.732026143790847,1.7397143895909895,,,,,,,False,False,134,,,
01449,0,frame_difference,confirmation,Highway,Dark,Clear,,,1.7825162143670823,38.98692810457516,30.6,ok,134,21.862745098039216,-0.203799773325101,,,,,,,False,False,134,,,
01453,0,v0_original,confirmation,Industrial,Normal,Cloudy,,,6.7908898322413265,39.67213114754098,30.5,ok,134,20.098360655737704,7.621743581458444,,,,,,,True,True,134,,,
01453,0,raw_flow_no_blob,confirmation,Industrial,Normal,Cloudy,,,6.825930914454727,39.67213114754098,30.5,ok,134,20.0327868852459,7.6538971652984795,,,,,,,True,True,134,,,
01453,0,affine_residual_no_blob,confirmation,Industrial,Normal,Cloudy,,,6.895384484978015,39.67213114754098,30.5,ok,134,20.098360655737704,8.024849187310373,,,,,,,True,True,134,,,
01453,0,frame_difference,confirmation,Industrial,Normal,Cloudy,,,1.7825162143670823,39.67213114754098,30.5,ok,134,19.081967213114755,2.6339683634507094,,,,,,,True,True,134,,,
01482,0,v0_original,confirmation,Sub-urban,Twilight,Clear,,,6.7908898322413265,40.166666666666664,30.0,ok,134,23.0,7.773009628109625,,,,,,,True,True,134,,,
01482,0,raw_flow_no_blob,confirmation,Sub-urban,Twilight,Clear,,,6.825930914454727,40.166666666666664,30.0,ok,134,23.0,7.879250007042784,,,,,,,True,True,134,,,
01482,0,affine_residual_no_blob,confirmation,Sub-urban,Twilight,Clear,,,6.895384484978015,40.166666666666664,30.0,ok,134,23.0,8.417082303455844,,,,,,,True,True,134,,,
01482,0,frame_difference,confirmation,Sub-urban,Twilight,Clear,,,1.7825162143670823,40.166666666666664,30.0,ok,134,23.0,2.714151882792026,,,,,,,True,True,134,,,
01517,0,v0_original,confirmation,Highway,Twilight,Clear,,,6.7908898322413265,39.86666666666667,30.0,ok,135,22.3,4.704070973555626,,,,,,,False,False,135,,,
01517,0,raw_flow_no_blob,confirmation,Highway,Twilight,Clear,,,6.825930914454727,39.86666666666667,30.0,ok,135,22.3,4.7997639267979855,,,,,,,False,False,135,,,
01517,0,affine_residual_no_blob,confirmation,Highway,Twilight,Clear,,,6.895384484978015,39.86666666666667,30.0,ok,135,22.3,5.145865941089523,,,,,,,False,False,135,,,
01517,0,frame_difference,confirmation,Highway,Twilight,Clear,,,1.7825162143670823,39.86666666666667,30.0,ok,135,22.3,0.3557091195246206,,,,,,,False,False,135,,,
01536,0,v0_original,confirmation,Rural,Normal,Clear,,,6.7908898322413265,60.0,30.0,ok,135,27.7,1.4918592509383513,,,,,,,False,False,135,,,
01536,0,raw_flow_no_blob,confirmation,Rural,Normal,Clear,,,6.825930914454727,60.0,30.0,ok,135,28.033333333333335,1.2662404404030658,,,,,,,False,False,135,,,
01536,0,affine_residual_no_blob,confirmation,Rural,Normal,Clear,,,6.895384484978015,60.0,30.0,ok,135,28.033333333333335,1.2314388596374994,,,,,,,False,False,135,,,
01536,0,frame_difference,confirmation,Rural,Normal,Clear,,,1.7825162143670823,60.0,30.0,ok,135,28.1,1.2475217679972945,,,,,,,False,False,135,,,
01552,0,v0_original,confirmation,Other,Normal,Clear,,,6.7908898322413265,39.3,30.0,ok,134,19.833333333333332,4.471535020483415,,,,,,,False,False,134,,,
01552,0,raw_flow_no_blob,confirmation,Other,Normal,Clear,,,6.825930914454727,39.3,30.0,ok,134,19.833333333333332,4.393693189813161,,,,,,,False,False,134,,,
01552,0,affine_residual_no_blob,confirmation,Other,Normal,Clear,,,6.895384484978015,39.3,30.0,ok,134,19.833333333333332,4.730826689227946,,,,,,,False,False,134,,,
01552,0,frame_difference,confirmation,Other,Normal,Clear,,,1.7825162143670823,39.3,30.0,ok,134,19.9,2.5667379850690866,,,,,,,True,True,134,,,
01604,0,v0_original,confirmation,Sub-urban,Normal,Clear,,,6.7908898322413265,40.62091503267974,30.6,ok,134,24.57516339869281,1.6351067955902923,,,,,,,False,False,134,,,
01604,0,raw_flow_no_blob,confirmation,Sub-urban,Normal,Clear,,,6.825930914454727,40.62091503267974,30.6,ok,134,24.57516339869281,1.4941189327738391,,,,,,,False,False,134,,,
01604,0,affine_residual_no_blob,confirmation,Sub-urban,Normal,Clear,,,6.895384484978015,40.62091503267974,30.6,ok,134,24.57516339869281,1.528578813241428,,,,,,,False,False,134,,,
01604,0,frame_difference,confirmation,Sub-urban,Normal,Clear,,,1.7825162143670823,40.62091503267974,30.6,ok,134,23.692810457516337,0.2599457191165416,,,,,,,False,False,134,,,
01608,0,v0_original,confirmation,Rural,Normal,Clear,,,6.7908898322413265,18.0,30.0,ok,135,5.233333333333333,-0.17834976576081052,,,,,,,False,False,135,,,
01608,0,raw_flow_no_blob,confirmation,Rural,Normal,Clear,,,6.825930914454727,18.0,30.0,ok,135,5.233333333333333,-0.2073856315141149,,,,,,,False,False,135,,,
01608,0,affine_residual_no_blob,confirmation,Rural,Normal,Clear,,,6.895384484978015,18.0,30.0,ok,135,5.233333333333333,-0.057787190623463325,,,,,,,False,False,135,,,
01608,0,frame_difference,confirmation,Rural,Normal,Clear,,,1.7825162143670823,18.0,30.0,ok,135,5.366666666666666,-0.14989592171593155,,,,,,,False,False,135,,,
01622,0,v0_original,confirmation,Urban,Normal,Cloudy,,,6.7908898322413265,39.4,30.0,ok,135,18.4,4.142500010314564,,,,,,,False,False,135,,,
01622,0,raw_flow_no_blob,confirmation,Urban,Normal,Cloudy,,,6.825930914454727,39.4,30.0,ok,135,18.6,4.017395620283165,,,,,,,False,False,135,,,
01622,0,affine_residual_no_blob,confirmation,Urban,Normal,Cloudy,,,6.895384484978015,39.4,30.0,ok,135,18.466666666666665,3.725193922737054,,,,,,,False,False,135,,,
01622,0,frame_difference,confirmation,Urban,Normal,Cloudy,,,1.7825162143670823,39.4,30.0,ok,135,18.466666666666665,1.3928532842972796,,,,,,,False,False,135,,,
01624,0,v0_original,confirmation,Urban,Twilight,Cloudy,,,6.7908898322413265,40.326797385620914,30.6,ok,134,18.88888888888889,4.092946062988641,,,,,,,False,False,134,,,
01624,0,raw_flow_no_blob,confirmation,Urban,Twilight,Cloudy,,,6.825930914454727,40.326797385620914,30.6,ok,134,18.88888888888889,4.100479612242602,,,,,,,False,False,134,,,
01624,0,affine_residual_no_blob,confirmation,Urban,Twilight,Cloudy,,,6.895384484978015,40.326797385620914,30.6,ok,134,18.88888888888889,3.5203847423739942,,,,,,,False,False,134,,,
01624,0,frame_difference,confirmation,Urban,Twilight,Cloudy,,,1.7825162143670823,40.326797385620914,30.6,ok,134,18.88888888888889,0.8447844051536891,,,,,,,False,False,134,,,
01634,0,v0_original,confirmation,Sub-urban,Dark,Clear,,,6.7908898322413265,40.130718954248366,30.6,ok,134,20.130718954248366,5.031225512993469,,,,,,,False,False,134,,,
01634,0,raw_flow_no_blob,confirmation,Sub-urban,Dark,Clear,,,6.825930914454727,40.130718954248366,30.6,ok,134,20.130718954248366,5.103005686698223,,,,,,,False,False,134,,,
01634,0,affine_residual_no_blob,confirmation,Sub-urban,Dark,Clear,,,6.895384484978015,40.130718954248366,30.6,ok,134,20.130718954248366,5.3377640580293075,,,,,,,False,False,134,,,
01634,0,frame_difference,confirmation,Sub-urban,Dark,Clear,,,1.7825162143670823,40.130718954248366,30.6,ok,134,19.37908496732026,0.9802175773264009,,,,,,,False,False,134,,,
01639,0,v0_original,confirmation,Highway,Dark,Clear,,,6.7908898322413265,18.0,30.0,ok,135,10.033333333333333,2.736672717318729,,,,,,,False,False,135,,,
01639,0,raw_flow_no_blob,confirmation,Highway,Dark,Clear,,,6.825930914454727,18.0,30.0,ok,135,9.966666666666667,2.6991398150919816,,,,,,,False,False,135,,,
01639,0,affine_residual_no_blob,confirmation,Highway,Dark,Clear,,,6.895384484978015,18.0,30.0,ok,135,10.033333333333333,2.7528783019742766,,,,,,,False,False,135,,,
01639,0,frame_difference,confirmation,Highway,Dark,Clear,,,1.7825162143670823,18.0,30.0,ok,135,9.966666666666667,1.0401976337547787,,,,,,,False,False,135,,,
01657,0,v0_original,confirmation,Urban,Twilight,Clear,,,6.7908898322413265,38.464052287581694,30.6,ok,134,18.88888888888889,5.746109613883223,,,,,,,False,False,134,,,
01657,0,raw_flow_no_blob,confirmation,Urban,Twilight,Clear,,,6.825930914454727,38.464052287581694,30.6,ok,134,15.424836601307188,5.697234252320628,,,,,,,False,False,134,,,
01657,0,affine_residual_no_blob,confirmation,Urban,Twilight,Clear,,,6.895384484978015,38.464052287581694,30.6,ok,134,15.424836601307188,6.01562781738509,,,,,,,False,False,134,,,
01657,0,frame_difference,confirmation,Urban,Twilight,Clear,,,1.7825162143670823,38.464052287581694,30.6,ok,134,18.88888888888889,1.419727069029297,,,,,,,False,False,134,,,
01683,0,v0_original,confirmation,Sub-urban,Dark,Clear,,,6.7908898322413265,40.5,30.0,ok,134,24.233333333333334,0.9643257781400856,,,,,,,False,False,134,,,
01683,0,raw_flow_no_blob,confirmation,Sub-urban,Dark,Clear,,,6.825930914454727,40.5,30.0,ok,134,24.233333333333334,1.0656530839701934,,,,,,,False,False,134,,,
01683,0,affine_residual_no_blob,confirmation,Sub-urban,Dark,Clear,,,6.895384484978015,40.5,30.0,ok,134,19.966666666666665,1.210810829991371,,,,,,,False,False,134,,,
01683,0,frame_difference,confirmation,Sub-urban,Dark,Clear,,,1.7825162143670823,40.5,30.0,ok,134,24.7,0.15980025181115143,,,,,,,False,False,134,,,
01735,0,v0_original,confirmation,Highway,Normal,Clear,,,6.7908898322413265,41.96666666666667,30.0,ok,134,18.3,1.536158201182098,,,,,,,False,False,134,,,
01735,0,raw_flow_no_blob,confirmation,Highway,Normal,Clear,,,6.825930914454727,41.96666666666667,30.0,ok,134,17.766666666666666,1.470249714597368,,,,,,,False,False,134,,,
01735,0,affine_residual_no_blob,confirmation,Highway,Normal,Clear,,,6.895384484978015,41.96666666666667,30.0,ok,134,17.766666666666666,1.1963171624851556,,,,,,,False,False,134,,,
01735,0,frame_difference,confirmation,Highway,Normal,Clear,,,1.7825162143670823,41.96666666666667,30.0,ok,134,17.766666666666666,0.36722194955393417,,,,,,,False,False,134,,,
01810,0,v0_original,confirmation,Urban,Normal,Clear,,,6.7908898322413265,39.4314381270903,29.9,ok,134,18.695652173913043,7.096985942659434,,,,,,,True,True,134,,,
01810,0,raw_flow_no_blob,confirmation,Urban,Normal,Clear,,,6.825930914454727,39.4314381270903,29.9,ok,134,18.695652173913043,7.146017801036355,,,,,,,True,True,134,,,
01810,0,affine_residual_no_blob,confirmation,Urban,Normal,Clear,,,6.895384484978015,39.4314381270903,29.9,ok,134,18.695652173913043,7.296843536988016,,,,,,,True,True,134,,,
01810,0,frame_difference,confirmation,Urban,Normal,Clear,,,1.7825162143670823,39.4314381270903,29.9,ok,134,19.36454849498328,1.439743106779255,,,,,,,False,False,134,,,
01811,0,v0_original,confirmation,Sub-urban,Twilight,Clear,,,6.7908898322413265,40.3,30.0,ok,134,18.866666666666667,3.214805812326673,,,,,,,False,False,134,,,
01811,0,raw_flow_no_blob,confirmation,Sub-urban,Twilight,Clear,,,6.825930914454727,40.3,30.0,ok,134,18.866666666666667,3.2869830915492777,,,,,,,False,False,134,,,
01811,0,affine_residual_no_blob,confirmation,Sub-urban,Twilight,Clear,,,6.895384484978015,40.3,30.0,ok,134,18.866666666666667,2.7375018113122973,,,,,,,False,False,134,,,
01811,0,frame_difference,confirmation,Sub-urban,Twilight,Clear,,,1.7825162143670823,40.3,30.0,ok,134,18.4,0.5091964801678471,,,,,,,False,False,134,,,
01822,0,v0_original,confirmation,Sub-urban,Normal,Cloudy,,,6.7908898322413265,40.233333333333334,30.0,ok,134,21.433333333333334,5.483983018750245,,,,,,,False,False,134,,,
01822,0,raw_flow_no_blob,confirmation,Sub-urban,Normal,Cloudy,,,6.825930914454727,40.233333333333334,30.0,ok,134,21.433333333333334,5.564519608440673,,,,,,,False,False,134,,,
01822,0,affine_residual_no_blob,confirmation,Sub-urban,Normal,Cloudy,,,6.895384484978015,40.233333333333334,30.0,ok,134,21.433333333333334,5.9750460790359465,,,,,,,False,False,134,,,
01822,0,frame_difference,confirmation,Sub-urban,Normal,Cloudy,,,1.7825162143670823,40.233333333333334,30.0,ok,134,20.5,2.002082623749243,,,,,,,True,True,134,,,
01881,0,v0_original,confirmation,Urban,Twilight,Cloudy,,,6.7908898322413265,39.43333333333333,30.0,ok,134,19.1,6.9910946527670035,,,,,,,True,True,134,,,
01881,0,raw_flow_no_blob,confirmation,Urban,Twilight,Cloudy,,,6.825930914454727,39.43333333333333,30.0,ok,134,19.1,7.127573374850874,,,,,,,True,True,134,,,
01881,0,affine_residual_no_blob,confirmation,Urban,Twilight,Cloudy,,,6.895384484978015,39.43333333333333,30.0,ok,134,19.1,7.254887903847976,,,,,,,True,True,134,,,
01881,0,frame_difference,confirmation,Urban,Twilight,Cloudy,,,1.7825162143670823,39.43333333333333,30.0,ok,134,18.9,1.4646703884881362,,,,,,,False,False,134,,,
01888,0,v0_original,confirmation,Highway,Twilight,Cloudy,,,6.7908898322413265,40.1,30.0,ok,134,16.833333333333332,5.660716556780475,,,,,,,False,False,134,,,
01888,0,raw_flow_no_blob,confirmation,Highway,Twilight,Cloudy,,,6.825930914454727,40.1,30.0,ok,134,16.833333333333332,5.457276571516933,,,,,,,False,False,134,,,
01888,0,affine_residual_no_blob,confirmation,Highway,Twilight,Cloudy,,,6.895384484978015,40.1,30.0,ok,134,16.833333333333332,5.14072722001476,,,,,,,False,False,134,,,
01888,0,frame_difference,confirmation,Highway,Twilight,Cloudy,,,1.7825162143670823,40.1,30.0,ok,134,16.833333333333332,2.1232579230094073,,,,,,,True,True,134,,,
01889,0,v0_original,confirmation,Rural,Normal,Clear,,,6.7908898322413265,40.03267973856209,30.6,ok,134,15.718954248366012,10.732782586576972,,,,,,,True,True,134,,,
01889,0,raw_flow_no_blob,confirmation,Rural,Normal,Clear,,,6.825930914454727,40.03267973856209,30.6,ok,134,15.718954248366012,10.876372004079636,,,,,,,True,True,134,,,
01889,0,affine_residual_no_blob,confirmation,Rural,Normal,Clear,,,6.895384484978015,40.03267973856209,30.6,ok,134,15.718954248366012,11.51090614162623,,,,,,,True,True,134,,,
01889,0,frame_difference,confirmation,Rural,Normal,Clear,,,1.7825162143670823,40.03267973856209,30.6,ok,134,15.947712418300652,2.9115628039243155,,,,,,,True,True,134,,,
01918,0,v0_original,confirmation,Rural,Normal,Clear,,,6.7908898322413265,40.233333333333334,30.0,ok,134,19.3,7.9755610477297045,,,,,,,True,True,134,,,
01918,0,raw_flow_no_blob,confirmation,Rural,Normal,Clear,,,6.825930914454727,40.233333333333334,30.0,ok,134,19.3,8.056610033214149,,,,,,,True,True,134,,,
01918,0,affine_residual_no_blob,confirmation,Rural,Normal,Clear,,,6.895384484978015,40.233333333333334,30.0,ok,134,19.3,8.568971682197084,,,,,,,True,True,134,,,
01918,0,frame_difference,confirmation,Rural,Normal,Clear,,,1.7825162143670823,40.233333333333334,30.0,ok,134,19.9,3.7134141107452363,,,,,,,True,True,134,,,
01928,0,v0_original,confirmation,Highway,Dark,Clear,,,6.7908898322413265,40.23890784982935,29.3,ok,134,21.501706484641637,3.5127059637684783,,,,,,,False,False,134,,,
01928,0,raw_flow_no_blob,confirmation,Highway,Dark,Clear,,,6.825930914454727,40.23890784982935,29.3,ok,134,21.501706484641637,3.421463143958702,,,,,,,False,False,134,,,
01928,0,affine_residual_no_blob,confirmation,Highway,Dark,Clear,,,6.895384484978015,40.23890784982935,29.3,ok,134,21.501706484641637,3.7097502615907665,,,,,,,False,False,134,,,
01928,0,frame_difference,confirmation,Highway,Dark,Clear,,,1.7825162143670823,40.23890784982935,29.3,ok,134,21.84300341296928,0.7484899116078926,,,,,,,False,False,134,,,
01942,0,v0_original,confirmation,Sub-urban,Dark,Clear,,,6.7908898322413265,40.26936026936027,29.7,ok,134,19.05723905723906,2.1821704369123096,,,,,,,False,False,134,,,
01942,0,raw_flow_no_blob,confirmation,Sub-urban,Dark,Clear,,,6.825930914454727,40.26936026936027,29.7,ok,134,19.05723905723906,2.172922741787976,,,,,,,False,False,134,,,
01942,0,affine_residual_no_blob,confirmation,Sub-urban,Dark,Clear,,,6.895384484978015,40.26936026936027,29.7,ok,134,19.05723905723906,2.4153994829050496,,,,,,,False,False,134,,,
01942,0,frame_difference,confirmation,Sub-urban,Dark,Clear,,,1.7825162143670823,40.26936026936027,29.7,ok,134,19.124579124579125,0.0462562288507577,,,,,,,False,False,134,,,
01951,0,v0_original,confirmation,Highway,Normal,Cloudy,,,6.7908898322413265,40.666666666666664,30.0,ok,135,19.233333333333334,1.1051776275264569,,,,,,,False,False,135,,,
01951,0,raw_flow_no_blob,confirmation,Highway,Normal,Cloudy,,,6.825930914454727,40.666666666666664,30.0,ok,135,19.233333333333334,0.3300714496217557,,,,,,,False,False,135,,,
01951,0,affine_residual_no_blob,confirmation,Highway,Normal,Cloudy,,,6.895384484978015,40.666666666666664,30.0,ok,135,19.233333333333334,0.19191585883718504,,,,,,,False,False,135,,,
01951,0,frame_difference,confirmation,Highway,Normal,Cloudy,,,1.7825162143670823,40.666666666666664,30.0,ok,135,19.233333333333334,0.2971822417723097,,,,,,,False,False,135,,,
01954,0,v0_original,confirmation,Sub-urban,Twilight,Clear,,,6.7908898322413265,40.563380281690144,28.4,ok,134,21.408450704225352,7.777459970333409,,,,,,,True,True,134,,,
01954,0,raw_flow_no_blob,confirmation,Sub-urban,Twilight,Clear,,,6.825930914454727,40.563380281690144,28.4,ok,134,21.408450704225352,7.768924254416854,,,,,,,True,True,134,,,
01954,0,affine_residual_no_blob,confirmation,Sub-urban,Twilight,Clear,,,6.895384484978015,40.563380281690144,28.4,ok,134,21.408450704225352,8.069106002491818,,,,,,,True,True,134,,,
01954,0,frame_difference,confirmation,Sub-urban,Twilight,Clear,,,1.7825162143670823,40.563380281690144,28.4,ok,134,21.795774647887324,1.4859821971463507,,,,,,,False,False,134,,,
01985,0,v0_original,confirmation,Sub-urban,Dark,Clear,,,6.7908898322413265,40.03333333333333,30.0,ok,134,24.333333333333332,0.850430234040022,,,,,,,False,False,134,,,
01985,0,raw_flow_no_blob,confirmation,Sub-urban,Dark,Clear,,,6.825930914454727,40.03333333333333,30.0,ok,134,24.333333333333332,0.9608160979952347,,,,,,,False,False,134,,,
01985,0,affine_residual_no_blob,confirmation,Sub-urban,Dark,Clear,,,6.895384484978015,40.03333333333333,30.0,ok,134,24.333333333333332,0.7943171519093706,,,,,,,False,False,134,,,
01985,0,frame_difference,confirmation,Sub-urban,Dark,Clear,,,1.7825162143670823,40.03333333333333,30.0,ok,134,24.266666666666666,0.11516640257110149,,,,,,,False,False,134,,,
02004,0,v0_original,confirmation,Highway,Dark,Clear,,,6.7908898322413265,40.93333333333333,30.0,ok,135,17.566666666666666,0.5991275704511012,,,,,,,False,False,135,,,
02004,0,raw_flow_no_blob,confirmation,Highway,Dark,Clear,,,6.825930914454727,40.93333333333333,30.0,ok,135,17.433333333333334,0.5808396109497629,,,,,,,False,False,135,,,
02004,0,affine_residual_no_blob,confirmation,Highway,Dark,Clear,,,6.895384484978015,40.93333333333333,30.0,ok,135,17.433333333333334,0.7569707681064539,,,,,,,False,False,135,,,
02004,0,frame_difference,confirmation,Highway,Dark,Clear,,,1.7825162143670823,40.93333333333333,30.0,ok,135,19.1,-0.11204847532935139,,,,,,,False,False,135,,,
02006,0,v0_original,confirmation,Sub-urban,Twilight,Clear,,,6.7908898322413265,40.3921568627451,30.6,ok,134,23.92156862745098,5.462134134234571,,,,,,,False,False,134,,,
02006,0,raw_flow_no_blob,confirmation,Sub-urban,Twilight,Clear,,,6.825930914454727,40.3921568627451,30.6,ok,134,23.92156862745098,5.401735837416843,,,,,,,False,False,134,,,
02006,0,affine_residual_no_blob,confirmation,Sub-urban,Twilight,Clear,,,6.895384484978015,40.3921568627451,30.6,ok,134,23.856209150326798,5.7305894570593185,,,,,,,False,False,134,,,
02006,0,frame_difference,confirmation,Sub-urban,Twilight,Clear,,,1.7825162143670823,40.3921568627451,30.6,ok,134,21.9281045751634,1.076955520822863,,,,,,,False,False,134,,,
02044,0,v0_original,confirmation,Industrial,Normal,Clear,,,6.7908898322413265,18.0,30.0,ok,135,9.166666666666666,-0.265464241838199,,,,,,,False,False,135,,,
02044,0,raw_flow_no_blob,confirmation,Industrial,Normal,Clear,,,6.825930914454727,18.0,30.0,ok,135,9.166666666666666,-0.20089096152372615,,,,,,,False,False,135,,,
02044,0,affine_residual_no_blob,confirmation,Industrial,Normal,Clear,,,6.895384484978015,18.0,30.0,ok,135,9.166666666666666,-0.0515081454110969,,,,,,,False,False,135,,,
02044,0,frame_difference,confirmation,Industrial,Normal,Clear,,,1.7825162143670823,18.0,30.0,ok,135,13.433333333333334,-0.08549618238139617,,,,,,,False,False,135,,,
02050,0,v0_original,confirmation,Highway,Twilight,Clear,,,6.7908898322413265,18.0,30.0,ok,135,4.566666666666666,-0.13434344667312248,,,,,,,False,False,135,,,
02050,0,raw_flow_no_blob,confirmation,Highway,Twilight,Clear,,,6.825930914454727,18.0,30.0,ok,135,4.566666666666666,0.009245970829542913,,,,,,,False,False,135,,,
02050,0,affine_residual_no_blob,confirmation,Highway,Twilight,Clear,,,6.895384484978015,18.0,30.0,ok,135,4.566666666666666,-0.0655103772508468,,,,,,,False,False,135,,,
02050,0,frame_difference,confirmation,Highway,Twilight,Clear,,,1.7825162143670823,18.0,30.0,ok,135,5.766666666666667,-0.25988986118502083,,,,,,,False,False,135,,,
02053,0,v0_original,confirmation,Other,Normal,Cloudy,,,6.7908898322413265,39.86666666666667,30.0,ok,135,18.766666666666666,9.139313437103912,,,,,,,True,True,135,,,
02053,0,raw_flow_no_blob,confirmation,Other,Normal,Cloudy,,,6.825930914454727,39.86666666666667,30.0,ok,135,18.766666666666666,9.223343577785743,,,,,,,True,True,135,,,
02053,0,affine_residual_no_blob,confirmation,Other,Normal,Cloudy,,,6.895384484978015,39.86666666666667,30.0,ok,135,18.766666666666666,9.8026810488957,,,,,,,True,True,135,,,
02053,0,frame_difference,confirmation,Other,Normal,Cloudy,,,1.7825162143670823,39.86666666666667,30.0,ok,135,19.3,2.2107006778586387,,,,,,,True,True,135,,,
02072,0,v0_original,confirmation,Highway,Dark,Clear,,,6.7908898322413265,33.34494773519164,28.7,ok,134,15.470383275261325,-0.5830573294595499,,,,,,,False,False,134,,,
02072,0,raw_flow_no_blob,confirmation,Highway,Dark,Clear,,,6.825930914454727,33.34494773519164,28.7,ok,134,17.073170731707318,-0.8208368421329229,,,,,,,False,False,134,,,
02072,0,affine_residual_no_blob,confirmation,Highway,Dark,Clear,,,6.895384484978015,33.34494773519164,28.7,ok,134,17.073170731707318,-0.7037276513399738,,,,,,,False,False,134,,,
02072,0,frame_difference,confirmation,Highway,Dark,Clear,,,1.7825162143670823,33.34494773519164,28.7,ok,134,16.72473867595819,-0.4109302903108465,,,,,,,False,False,134,,,
02117,0,v0_original,confirmation,Urban,Normal,Clear,,,6.7908898322413265,40.03267973856209,30.6,ok,134,20.326797385620914,3.7853813864826105,,,,,,,False,False,134,,,
02117,0,raw_flow_no_blob,confirmation,Urban,Normal,Clear,,,6.825930914454727,40.03267973856209,30.6,ok,134,20.326797385620914,3.7550809655051465,,,,,,,False,False,134,,,
02117,0,affine_residual_no_blob,confirmation,Urban,Normal,Clear,,,6.895384484978015,40.03267973856209,30.6,ok,134,20.326797385620914,3.4484827348676435,,,,,,,False,False,134,,,
02117,0,frame_difference,confirmation,Urban,Normal,Clear,,,1.7825162143670823,40.03267973856209,30.6,ok,134,15.947712418300652,1.0166073113946028,,,,,,,False,False,134,,,
